evolution$generation,centers,hierarchy,maxRadiusRate,width,hwRatio,moran,distance,entropy,slope,evolution$samples
1000,44.96170564686567,4.950060225076089,0.5865106229703138,99.34324624909775,1.2508433308820321,0.2848991819183211,0.9007681359989247,0.991410805893115,-0.36485515470919566,1
1000,55.564442149143055,4.774243029747169,0.1699204964175207,92.85071923921463,1.6365984410636183,0.21665652454457482,0.6232346449599435,0.8910833509250459,-1.6047823797586054,1
1000,31.948610963936968,0.32342738064850934,0.021592620789972566,58.09427398362999,0.5,0.012062586437456889,1.058974861613658,0.6642894112186187,-4.534040543176004,1
1000,2.637925715388712,5.0,0.1786911517959893,95.87334736082377,1.4069049879813607,0.3333111938562709,0.5949794716500586,0.9280908904060325,-1.3303261479277246,1
1000,45.20458562437857,4.831724293270355,0.14102414576752165,100.0,1.4621550106674583,0.24006924756716058,0.5500609598264156,0.8945586795974766,-1.7039987151374527,2
1000,27.163962692812397,1.650632507535562,0.2905168078204249,52.89551227028263,1.5243983919330064,0.23052950102684744,0.8169444471811789,0.9770487476398491,-0.6292295707892469,1
1000,49.532275523402156,5.0,0.24043295949393456,95.346193182718,1.3709648084732304,0.27422288656345156,0.6958347296590519,0.9430043940439318,-1.0217999113343645,4
1000,54.77484299684771,4.6857994375936345,0.08436797898524717,88.50963510257483,1.4590267804363326,0.13184241282906073,0.5963119766112436,0.7598208766854947,-3.7679159178545163,1
1000,43.81538259897138,4.056499300717245,0.14062616500820946,91.93362626002121,1.4704521288799421,0.20313399362099277,0.6297011280362326,0.8618381646667392,-1.9836619813268452,2
1000,39.046361460592706,0.4325446373231655,0.05378933266525445,63.09293381695619,1.1340772927916407,0.08761635387931697,0.8992529643241038,0.9469807369927898,-0.9865468133991739,1
1000,44.35435338904698,3.6372513493110845,0.18586968482547583,97.56969294367966,1.6328894089990134,0.24085610505408656,0.6061813175251618,0.8770501971047909,-2.1082313339882446,1
1000,1.0,3.9294452122147954,2.0,59.5217906901065,1.85443297422186,0.4205321398976461,0.9628891147588091,0.9980999094955182,-0.16201842111019396,1
1000,55.123700047169486,4.42869554295421,0.1397732528585211,91.1878493202037,1.4072140143195828,0.21688406550281825,0.6459231324060838,0.8578321547444663,-2.0673981705469058,1
1000,33.42519884622047,1.5172245081468816,0.13878436682221967,60.3993022286069,1.3655654664352017,0.16307366693409112,0.9328050576338356,0.9118289336793715,-1.4133369155763906,1
1000,56.50028077503371,4.4711502935201075,0.1872820296517303,95.20379982966679,1.404258188755891,0.28233814391247974,0.613207267665834,0.9083523326482132,-1.5442641053227213,1
1000,3.801642209245645,0.4067671449716222,0.048402617866763975,53.442080663839725,1.2995863706499151,0.11532867695675124,0.8952969090324507,0.7393324183637383,-4.347573898945676,1
1000,56.838024443777655,0.7724549752126681,0.9658123379346408,73.52955241906284,1.5051721186014602,0.2920541866895281,0.8939562448195468,0.9978182554221766,-0.16764302294801034,1
1000,44.13734788272049,5.0,0.15073476772984526,100.0,1.5403168333826465,0.230879795133241,0.5364991328939328,0.8944234380029011,-1.5024233590900025,3
1000,43.02822371289966,4.345273093528434,0.12136807591134315,100.0,1.5017738905856117,0.1814200268143724,0.5398384424794621,0.8221383373219407,-2.877705418160977,1
1000,48.63804635167379,4.276910711704688,0.19469956372498262,93.18893617438485,1.6077596584703684,0.31006354527543506,0.6035125387192632,0.9156495431082299,-1.5398970294256786,1
1000,29.417091605183835,1.5717208149895576,0.3416645040386939,58.783322703343856,1.1958675165938848,0.1987787674147695,0.9109182568991393,0.9856141750179713,-0.4520796287946023,1
1000,30.999208021157965,1.4946418142893012,0.1639999669417627,51.6175307344587,1.2696599065832044,0.22051125367451135,0.7640666056711876,0.9431603694449637,-1.1246546538603501,2
1000,25.88109477440552,2.0418083278858474,0.7912409099076192,51.273985417768955,1.3005627824740582,0.2751524215429805,0.879366316107733,0.9932946433474859,-0.29603401434904364,3
1000,54.57539145482902,4.690008920920458,0.11548048687831342,90.84537501842613,1.4302616607383005,0.19481174315577857,0.5542578161017607,0.8595859850922009,-2.127617884204962,1
1000,53.00141647742019,4.623230905558551,0.06649851968554661,88.63682427230766,1.4449402601624848,0.08464501671255592,0.589144388801648,0.7336764102852553,-3.9185893819766697,1
1000,46.31913566948478,4.590285756819015,0.16085014336200254,82.47456525731906,1.4605358830990418,0.2529478048520112,0.6320206690444896,0.8968334962838022,-1.626930327756827,1
1000,1.0,1.9473948608466671,1.8123583593214645,88.34233578611392,2.0,0.47549434648252076,0.9769986966562578,0.9956312824543265,-0.25613652600564946,1
1000,77.54274517646034,4.90672516546688,0.9023568137600934,91.76052642042522,1.3960944436377005,0.2262404122248989,0.8984565680450805,0.9962994465977294,-0.23650842963730165,1
1000,69.46862048738578,4.282466277107332,0.05218672970733098,98.79438470639914,1.682191243371972,0.05521354060410695,0.49994853225444236,0.715035618527267,-3.8248309799506104,1
1000,59.09373645308714,4.742517039497595,0.07620523099978457,89.99097252642132,1.4167994040085663,0.10428556356966157,0.5333024671075106,0.7724449827668642,-2.9468511839508804,1
1000,44.80782040338875,4.333218061944872,0.1380791317470288,90.20694901493155,1.5334238857156097,0.22022780917223939,0.5996795516139933,0.8673420368554264,-1.8727836497702521,1
1000,67.69528743205831,3.914542608340603,0.11654337679259984,99.82901873781161,1.6827419125743903,0.12280831244223091,0.7864185373243192,0.800331437058474,-2.7965661257467502,1
1000,59.428654170616014,4.343800412612109,0.1922511544499688,88.95384273199046,1.3982106951552122,0.2484338870398294,0.6656335381527873,0.9384826089955304,-1.0473129058646575,1
1000,23.102155151943155,2.0320157069786493,0.9362163873294792,57.715763665168645,1.3175376713691038,0.3001411006763772,0.899478458658918,0.9945390774357734,-0.2651620456661004,2
1000,64.41842375862645,4.938957078073889,0.0721301923601871,99.3426133281564,1.3657693052926558,0.10402318764859474,0.4796072043552177,0.8017829140743251,-2.4132707181290036,1
1000,52.91529206674096,5.0,0.09634431459767258,87.6071266602336,1.4470219782618572,0.16972816051069706,0.49745510565850704,0.8233651083486633,-3.0346587883459875,1
1000,36.22920320590076,4.26421533309496,0.2866237547040145,89.0896295549728,1.6583719639940497,0.2613383017227207,0.793762440999587,0.9632629679158725,-0.7663526654139018,1
1000,45.68364420247028,4.214506554866234,0.13711868057308652,89.82240435367996,1.4576280533584012,0.2524983006191296,0.563945345622235,0.8855953993161985,-2.0500930654193663,1
1000,34.28174499968457,2.256630329934232,0.10553593827418759,50.0,1.312431955392922,0.12801034673082104,0.6494223114174859,0.8695149264656157,-1.8733610879748193,1
1000,43.44206699713204,4.353619883719509,0.12590515832223012,90.27717526989943,1.4551578900759454,0.20882523311272605,0.48528006147762137,0.8284936495233824,-2.642195896991324,1
1000,51.59587457498036,4.709928725070788,0.01,87.02646337827503,1.4480235308057483,6.282178640006064E-4,0.9277390464841927,0.4491128895056293,-17.1317539825815,1
1000,39.559366206751776,4.47787861104393,0.15078378780532228,76.792932130336,0.9611733199880199,0.21180767903263217,0.6802338276363473,0.875158766689538,-1.6030318461073498,1
1000,31.94065884885339,0.3454647872490569,0.021581733874420445,58.10255076977516,0.5358024815625941,0.006978003821793989,0.9742323584276963,0.6767036627188209,-3.5884361130046716,1
1000,34.6753456654286,1.4582014734919806,0.13764139004032083,50.0,1.334346773506838,0.1611138841083954,0.8763061027320214,0.9139946645554596,-1.4566922832725633,1
1000,1.0,2.3084544481314677,1.7201959874378443,100.0,2.0,0.43558243158009063,0.9692109215508156,0.9972711966409348,-0.20593728540153855,1
1000,58.49087206851973,4.573320266177941,0.17997513071896376,92.39360727954684,1.5558737433603664,0.20173381654185854,0.6153861805209317,0.8599146003410036,-2.0036150930553047,1
1000,57.98803336559046,2.1509084874721123,0.16592472579109246,96.36573251922896,1.855921219702838,0.15588300639807312,1.0246544500425057,0.9019047571603946,-1.5484396196336496,1
1000,48.78897712812204,4.368118679784055,0.07773817730075572,98.37705973319149,1.6167969787852026,0.09340442004493285,0.6701184785592416,0.7299857446981792,-4.637314323520808,1
1000,1.0,0.01,0.12155347740228475,50.0,1.1970839403913587,0.2897684526859741,0.4747817293840101,0.869636194558217,-1.8318207065087735,1
1000,83.99895703126657,4.715524132173719,1.8602439490043337,93.23563514414687,1.73952557244962,0.36203793084836977,0.8965459110692164,0.9932448000426821,-0.32584168358655025,2
1000,43.034286648876055,4.37694479258216,0.20049093180804672,92.415887064028,1.4121407384181834,0.26921550011309303,0.6472884838837462,0.944797235776528,-1.0257529378785497,1
1000,73.11611470834445,5.0,0.09786662755571846,100.0,1.3020526462687059,0.15207496938537549,0.5256115248432838,0.8329132617713914,-2.233644508639113,1
1000,33.55318825736938,0.01,0.016548026947599367,57.03616780202265,0.8155782976982083,0.02850158732591571,0.8214212857082963,0.8101303811460879,-2.8797006839021333,1
1000,37.89256589866132,0.7274987277100324,0.10902767498352249,63.305005294210275,1.1788757427490424,0.13642252491608461,0.9780262537062862,0.9540381864880004,-0.8503323968360555,1
1000,50.41530287122935,3.0169600994817336,0.14809282994908918,93.64621538293602,1.5468041432521653,0.22129104585818662,0.7564652786684446,0.8820398535527737,-1.84746237673792,1
1000,49.13532783720413,4.308723597945592,0.1987686225273508,92.98232025558019,1.4259868189690328,0.26722586720286184,0.6561704291545242,0.9391425981770788,-1.1065958555240891,1
1000,58.452478259155434,4.58644919487032,0.18594353729090904,92.40596173665313,1.5561708795192148,0.2448623568570821,0.6159171393351099,0.9379082923213067,-1.0659915153201964,1
1000,50.915496777265126,4.382658824379727,0.18781383343020633,93.748287757653,1.3701921809952187,0.25411504510989097,0.7058774195283382,0.9480007349465979,-1.0019401077727348,1
1000,38.08702294764215,0.5129768374808173,0.07314234285221778,62.987640034310814,1.1643173888374074,0.14167847522593827,0.8132526521992253,0.9572732878406517,-0.9415854346024259,1
1000,45.63323155055005,4.169186114456642,0.15416937310524834,89.42413540795965,1.4959122582382818,0.23384603991650654,0.6152376571426454,0.9183485214130653,-1.386434379806743,2
1000,44.599107674799775,4.332858057434405,0.14024087684545422,90.17126375546951,1.532444266227757,0.19598402354648384,0.6238399606075503,0.8598924871289423,-1.9431042749892518,1
1000,39.14014573887763,5.0,0.2852317473374069,87.52224443666844,1.5931071795805587,0.33033974000361116,0.6896957595946832,0.934758665093715,-1.1957968741951275,1
1000,1.0,1.8915468924508427,0.9207115245556566,50.31047671248084,1.5999313704698435,0.3874601530723385,0.9007271812412819,0.9918027251772945,-0.32584950760752246,2
1000,47.03104213748919,4.417059045869993,0.2220557702014141,92.93062462250538,1.419638023387084,0.2477218820836093,0.6812897068059813,0.9608975104534985,-0.79744485183784,1
1000,43.51087083119969,4.336981747787319,0.09209709407588933,90.1886592674121,1.5254003053667142,0.16117442160803083,0.5669980129335757,0.8012057713628589,-3.0344814846694055,1
1000,45.47822160773242,4.583177947211152,0.16119195957446064,82.11936433432548,1.4707996446707692,0.20679393852679373,0.7002719333599129,0.8549239407155337,-1.9192589188165197,1
1000,33.69662371227445,1.569404993362546,0.3894964607638011,59.202295696995385,1.2275389546954454,0.3032387018070615,0.8086741452379648,0.9761401660142257,-0.6046498711176277,1
1000,72.36247862147783,4.84989353898936,1.756722700167231,92.46322881511841,1.9679972995924802,0.19063727478171924,1.0198196452315016,0.998031137323023,-0.17896754951650856,1
1000,41.77118738265942,4.771032912660629,0.2006256733912329,90.04006339793358,1.4483496801999372,0.2986128712665813,0.5962831386595324,0.9120507257353279,-1.405397150234999,1
1000,51.88943369862888,4.093388436253425,0.1390422498470674,95.51634028847612,1.4126078557569766,0.25341284724793584,0.5232823500227402,0.889522945903025,-1.7332112972305955,1
1000,55.64416683353302,2.606337778269312,0.386351776646056,99.67071100190864,1.5125318686802252,0.3016930818489164,0.7916677219754472,0.9735793911419777,-0.6795530700100956,1
1000,58.602034793847906,4.4524130663889006,0.17957082637814661,92.71858056128687,1.5561935257329789,0.28543873379123286,0.6073943734224946,0.9049115205023563,-1.719374135278786,1
1000,15.701978518162031,0.01,0.01,50.0,1.2629940565835507,0.008745193406948123,0.9447609973372666,0.5864152921933166,-6.015209496189938,2
1000,45.884725009835186,4.4153324423695395,0.19110103048115676,97.88935721425912,1.4270132714677515,0.24351908122452262,0.7080199523471056,0.9064109566572047,-1.5747870909009056,2
1000,25.299044283531558,4.727793051836062,0.11828082624939804,90.60323258981731,1.935973894223281,0.23333215750647535,0.4824980474370831,0.8491977752660078,-2.904826424875159,1
1000,46.658512635244385,4.246960449046138,0.13685658416810925,89.19659898980316,1.4560996842114975,0.19176842244979472,0.5618344928291973,0.8397389614850154,-2.385557199670386,1
1000,32.41985838004928,1.7635058941616533,0.3105076814589916,52.47266224965466,1.256210838179788,0.26098167256054866,0.8272634857629297,0.9774950871157422,-0.58763366966332,1
1000,38.906950741708044,0.37578850679310843,0.05934966128363064,61.42134240665509,1.1340353196191557,0.11770555031822084,0.8468491370224724,0.9379800748504697,-1.1902633672583507,1
1000,58.68984355592338,4.998571796978345,0.07531807302442384,99.25837782833491,1.426556524757733,0.12391938327609038,0.46057479188066897,0.8043660667176129,-3.2141113590040273,1
1000,1.0,4.485416405273577,0.18034306383107215,80.04984313241519,1.1743419840846578,0.3168363460661552,0.5800282923243468,0.9081234998306549,-1.4348378618881514,1
1000,47.02771346181834,4.181459267313328,0.19179959170643368,100.0,2.0,0.27245671108093916,0.6693160314193107,0.8816652179537318,-2.156827351637958,1
1000,54.43484849358373,4.556390601037823,0.01,92.6315021933155,1.4287365060887773,0.0011016408224705052,0.9354522618036772,0.4522183535151763,-24.00241841822806,1
1000,29.97382308387866,1.725952700268445,0.15017052913752674,50.0,1.299787275764294,0.18081751669026008,0.7857313614716963,0.934632852534171,-1.1863714361799385,1
1000,1.1151372487953968,2.17870757099635,0.8920883224665433,52.71169363889644,1.6259014711521136,0.4154481152415697,0.9047497272186025,0.9872079747861997,-0.42266928650111346,1
1000,34.631999727145185,1.569022394713053,0.3904392608447901,59.58968360236014,1.2327093119320733,0.24512152214768124,0.847532171649141,0.984100846020198,-0.48309537619296294,1
1000,55.403966011095626,4.825637098179374,0.0859436934430297,91.44209493788466,1.4129560262408485,0.13652879499099813,0.5161381585834681,0.7848862329676478,-3.3068848917335556,1
1000,67.54078826446816,4.812398748517796,0.15610819704067738,88.78083851285376,1.3663458683239464,0.21028300468395522,0.6864156452992517,0.8625630271483063,-1.867608506155578,1
1000,59.485153810043116,4.283073654812963,0.2551209879120609,88.74046791043236,1.3945129958745426,0.23839210404934913,0.7454747620354077,0.9703384079244308,-0.7001210834129376,1
1000,36.638367791151516,1.385071875690965,0.24570811900570627,57.49531542638954,1.367088080513459,0.22732277597880082,0.8971231853609135,0.9688776919719798,-0.710071211615172,1
1000,57.57425277636014,4.624739564563047,0.0618546992052245,89.26699346631432,1.443418315314105,0.08231046917144587,0.6100196235332653,0.7500597698130588,-4.155992182948034,1
1000,64.84778396637587,5.0,0.10563057944573562,87.63384103272148,1.4452297280164015,0.16631491257250403,0.5540077015851422,0.8562284240488905,-2.3619015122655656,1
1000,1.1185771005557323,0.28084346215247397,0.056378651263631646,53.174502439441454,1.301506086638718,0.13357711662206823,0.21071067735382837,0.6542358367932304,-5.320329743743586,1
1000,38.181072681107125,0.51010244141471,0.10010336045042965,63.42151016916962,1.187637830332878,0.16019104898595166,0.9034740865395343,0.9702409140542727,-0.6838723139804408,1
1000,58.14018627284271,4.701031949826317,0.07252495776337714,90.25076451487718,1.415171345129046,0.10370134968120984,0.4752905735344051,0.7800458590399997,-2.892411544116768,3
1000,55.66788354987514,4.51576579678845,0.14666838277509966,99.08655088858188,1.7628614941687444,0.2457727133018404,0.5606718779849361,0.8968845190434787,-1.977498020913786,1
1000,47.08655310750153,4.179443060272971,0.19098881736510695,100.0,2.0,0.28019703162650605,0.6021801584617247,0.9224648995712057,-1.406162143353433,1
1000,53.35892891552652,4.6228588687801375,0.14701725200395968,95.42916006353192,1.613166225614491,0.2242075125307664,0.5606148782934697,0.8978329570279748,-1.5665026962474835,1
1000,48.04590382393344,4.321139888059462,0.3709760110580517,99.83257740737892,1.2352946819019808,0.3209812571553803,0.7954418144873371,0.9779059800802711,-0.6044278548186262,1
1000,48.44943665370678,5.0,0.15268170635341313,95.90069986782233,1.724479491337856,0.2457524447674376,0.5686297312287553,0.9043833060031391,-1.6745899691475952,1
1000,42.39979662604314,4.187985498529976,0.5347189609148554,90.59851523967987,1.438263961056808,0.26434857170869847,0.933858753945482,0.9865426874615255,-0.45329019274611326,1
1000,56.712641432508086,0.38679270349142525,0.9166854539328099,69.51091419528555,1.5761937791805458,0.3303529831030484,0.9225734311434671,0.9986931002836129,-0.12465770369351976,1
1000,34.395764806121704,4.321541841719684,0.27942102927751655,88.29044494512067,1.6133282206424147,0.276237231233722,0.741149867528663,0.9600345559478973,-0.8308515399128599,2
1000,25.3767762386344,1.4164632574151876,0.4031272974706114,58.967008023163615,1.296949317203849,0.24919560247170097,0.8733323637209559,0.988807743914955,-0.3952211668755384,4
1000,21.291087748294853,1.209083255955507,0.8033524249036572,56.762764403741414,1.3060339649042767,0.2324750118743445,0.8798618117930401,0.996813222501366,-0.1936063005715669,1
1000,48.15973024928669,4.147778586821621,0.24185793189857144,99.64355329277078,1.4157885424588073,0.3142208301441175,0.7260733816707968,0.9405026991998608,-1.1584294370883532,1
1000,52.93411695202564,5.0,0.0880382912964014,100.0,1.3823478046072042,0.08945667745467581,0.5694551510302583,0.7252487439416762,-3.617390443943001,1
1000,50.272471183505324,4.511181738855185,0.19478494173546312,94.74899533001187,1.3403662984488474,0.2984237733386915,0.6042982683976965,0.9115483621975996,-1.49828547047955,1
1000,47.997161423606634,4.303278523367861,0.20548483584120428,92.48895788111727,1.4033795829715134,0.31022506758913265,0.6091419763007584,0.9285356262385137,-1.2735627463026769,1
1000,48.179730174735475,4.383651779159,0.20267156042884213,92.66940263798583,1.407782869006206,0.24586374113232093,0.6917448275533998,0.9145403841262189,-1.5095444859535376,1
1000,58.52693003867163,5.0,0.06195974134390329,100.0,1.4058968299918084,0.09375758337099735,0.4595923032770571,0.764124757403102,-3.7559503186188956,1
1000,30.87483634510685,1.8101251787006005,0.12013311671176105,50.0,1.2834130852120378,0.12683857549634728,0.8257901042399628,0.8667435651912886,-2.117521462780152,1
1000,49.489861820847715,3.407665130082648,0.759293301851774,58.67772529977299,1.026559523170353,0.24779197124697724,0.8910591379828134,0.99187844367653,-0.3201311431632704,2
1000,44.89677083796886,4.610853843583017,0.1714533950275057,80.41688782586478,1.460561269378991,0.2705675258038846,0.5484393473788177,0.8753536128292645,-1.9121282925843426,1
1000,32.98816079525706,1.6964440362859703,0.3091336273223796,50.0,1.2553364717543098,0.20183892429849717,0.9522753500240446,0.9803331718051286,-0.521252412638884,1
1000,64.13780694396772,2.2531795956787297,0.4801152470873602,100.0,1.4871060024575724,0.3815313235390903,0.8074491678338107,0.9722100327323622,-0.724470470468801,1
1000,45.41282652392096,3.5863913315611273,0.1643705349353614,96.75002985890445,1.6463397160427897,0.24627358761961318,0.600670507057401,0.9144852838329625,-1.4569384828399066,1
1000,2.5454335433036537,4.475135848673351,0.1788645356657181,95.85846070575428,1.418766332488573,0.26962394007234575,0.6286893416272141,0.9495814834429284,-0.9336169535300248,1
1000,1.0,3.042891612449253,0.1614827485977316,55.21470589599304,1.277566416506103,0.28613625978404694,0.5480305437974367,0.8899966459916494,-1.4282838875995398,1
1000,59.1306063381982,5.0,0.0973566034004979,100.0,1.482678237369963,0.1434977608600483,0.6053223597142395,0.7871907169809189,-3.300621513323476,1
1000,53.92307278466244,4.449943615196146,0.08390771597873775,85.05671027218358,1.4235985736856773,0.0728506033818612,0.7895789685325181,0.7230429031400704,-3.680525008267624,1
1000,46.71402807058477,3.6567164431702333,0.06111692000158127,86.21480165227477,1.5135449729920711,0.07950788178353256,0.5231324927197354,0.7582006400060783,-2.9722793264351317,1
1000,28.28290225649886,4.723659155634541,0.10414770886990206,83.32331000434195,1.6576875945833558,0.19161786822613233,0.4132741480138244,0.8167687079843329,-2.5232687805934533,1
1000,61.40217937373345,4.302382449559968,0.1688716916787033,78.70713996829393,1.4901422528464334,0.19491834920449658,0.6564486744090712,0.9344645955031676,-1.0488653213040002,1
1000,48.03095987987368,4.297205898622064,0.1724792983040679,92.39988630424926,1.3811293298607497,0.2896291822421736,0.5940574412162364,0.9191995736319848,-1.489497422314908,1
1000,29.71097176558163,1.9980848567405192,0.34717001384659335,50.0,0.8095780727563624,0.16751254024149115,0.9304926491953925,0.9843077698212843,-0.4452438277693492,1
1000,57.05129897589974,2.2737713690362495,0.07613930372171215,93.80763774000546,1.485248331552692,0.10508759403262703,0.6496620653625824,0.8319156483554043,-2.402144088163442,1
1000,52.46588238272973,4.477132075236364,0.1774131082733423,95.18509564747215,1.3409088024456381,0.2311857144931479,0.6462266876554834,0.9457616659653911,-0.9812892529037243,1
1000,58.614700549360165,4.726392252278025,0.08026406051836239,91.44163982541744,1.3841868286725125,0.12132512735171497,0.46833267389185357,0.8171649651071977,-2.338344933478021,1
1000,43.43097530345932,4.353989236705104,0.12846492583598473,90.17972132364432,1.4550662619888377,0.21934555172735382,0.5212870750578709,0.8891095248690272,-1.7038794435654772,1
1000,53.35892891552652,4.6228579034005195,0.14701704073574637,95.42916006353192,1.6131663736583377,0.2614638930103192,0.5472612057068921,0.8978216684377476,-1.896291017293599,1
1000,33.107139275471376,1.5894921445168089,0.12305753841114492,59.55206809709614,1.292008613273482,0.18163001918121402,0.7978960313556641,0.9094476690708387,-1.5685646155386372,1
1000,58.51762817936641,4.417335498423391,0.059328643454076575,100.0,1.390906310880601,0.08383302252182637,0.5181252520274728,0.7343585402900024,-4.073517985490044,2
1000,45.4957859388749,4.19545904716617,0.14533152629576154,90.42373553332024,1.4546725530233369,0.23277835716240924,0.5626002868612306,0.8992852823569343,-1.5036131288598393,1
1000,59.28946356196179,2.2180206165233005,0.5998447855123412,99.44373747699676,1.616289212215679,0.37117027200640035,0.8606826927096932,0.984430722233748,-0.5158743425987758,1
1000,43.274128389556,3.176053095059015,0.1500715827297516,93.69086928279327,1.7142626093910087,0.20420979922988966,0.6585926120708806,0.8969202800437827,-1.4337270491759246,1
1000,53.02510872876224,4.850213691201023,0.235887501665177,84.15875410548858,1.4301553131945675,0.24947425731138553,0.6838727131490423,0.9187770241143945,-1.231318391190926,2
1000,39.51625801080317,4.758489236525124,0.37330591636523547,88.59193379751682,1.5509408964836464,0.2877998727676713,0.7943921846474485,0.9822762263546214,-0.5339559456590275,1
1000,47.0845741545024,4.549186306677627,0.11072349644453032,94.81262178440582,1.6139784501347596,0.12779366864744096,0.5694630032124747,0.8179312358754297,-2.1503038970545054,1
1000,42.658041287761534,5.0,0.29235333296578525,88.90359719852395,1.5180703197572138,0.3070407256982121,0.7261055023610937,0.9672281155909965,-0.7654997330880539,1
1000,53.677481210445826,5.0,0.09415554995392732,87.60692090812358,1.4470239582334854,0.14711722422220944,0.4704647034278206,0.8441855377444243,-1.9308007403378757,1
1000,61.17675460688809,4.996973685425516,0.13026565096805878,98.54399383985432,1.2624635390654528,0.20265939090123297,0.5574678199956616,0.9107975552761006,-1.3201635320608969,1
1000,1.0,4.55151394606311,0.1613728809003966,100.0,1.6033336034324355,0.34261116910150813,0.4882174106561446,0.8933441318057791,-1.9323910074298862,1
1000,39.13825360052178,5.0,0.2852348062736887,87.5157728694058,1.5892993651537477,0.27041972101758754,0.7382826745637636,0.9512560372506365,-0.9368137304369408,1
1000,32.99961961114785,1.4447291476706585,0.12410142343870666,50.81050290556547,1.281441466426023,0.17711005209937972,0.812681259411779,0.8874325909248193,-1.7462619336274339,1
1000,32.99556274013449,1.7049794412420416,0.30894467532205,50.0,1.2553719471263611,0.14750601114786802,0.8921723602167662,0.9828039743289024,-0.4873748137033313,1
1000,58.31066711567758,4.720438514376224,0.06992224862235547,90.13126184322633,1.4156309898309685,0.09501967594365046,0.48188888217290626,0.7834451628746758,-3.1934824937658597,3
1000,32.853448677492636,1.7995329238435147,0.3534456080480797,50.0,1.216904873728533,0.20845127167745814,0.9074965259332807,0.9810326846936017,-0.5207769161740311,1
1000,38.10020778305352,0.9622352060796672,0.11624446070430881,63.218577237381936,1.1828674904193797,0.2010367524207086,0.8069387340226896,0.9427076134330887,-1.1712356965599742,1
1000,58.53020990196539,4.997899315123688,0.0582836463320687,100.0,1.4063353672791046,0.0857195536530235,0.4894248712847728,0.7475612746018149,-4.32018634126718,1
1000,9.862633655361147,2.1657210332076517,0.01,78.28197629039174,1.4386886482161534,0.003290703969608324,0.8374581938626013,0.35960406439609055,-24.040611925093305,2
1000,38.65593078504777,0.7897063979805138,0.11114801350986027,63.69569869554522,1.1850274475995373,0.10774021036629645,0.9255483164332722,0.9734921132490658,-0.663799983713782,1
1000,74.0234863018841,5.0,0.19777866055547078,75.1248163719379,1.456683831439928,0.23868044368793673,0.6929336128535329,0.8994716306872962,-1.4986253698178345,1
1000,16.69854515440612,0.21099205518806743,0.02027197309101244,50.0,1.2680733458841713,0.03582189128510761,0.9984974248069729,0.7290073252284217,-3.909266535256348,1
1000,45.55375920826228,4.235725655267142,0.13465379257322863,88.9721486226781,1.4524600351213586,0.16085313964492404,0.6359024296405338,0.8621762280211424,-1.730818868707362,1
1000,58.12121084657586,2.12931253899593,0.16291942548452804,96.42434540973377,1.8741259615625423,0.2018377939391001,0.6691918234454364,0.9179459247840835,-1.3681667985154002,1
1000,32.590956355080806,1.3399672954157864,0.34888792944210106,50.0,1.2646525030876083,0.3086573005747879,0.8492161537505458,0.9828738361700791,-0.49006464929914983,1
1000,59.036566533796936,4.559316145506928,0.1564943601787177,95.49393355485208,1.6401192096039043,0.2063929496124623,0.6099435982227082,0.9259473880584175,-1.178441824749857,1
1000,41.83901334390241,5.0,0.01,100.0,1.490467075612848,9.88408510483926E-4,0.8504640946598484,0.4273946111829508,-21.82429711829973,1
1000,52.15382036784612,4.46848891309435,0.22139008807754285,95.88007016711813,1.6314350918658926,0.2850468580591194,0.6770336218382209,0.9449077263825371,-1.086116483891972,2
1000,58.194414672598356,4.73478506900774,0.0807979731142646,91.55129329216712,1.3969287474928802,0.12464683657232943,0.5062619785288573,0.8117866289008526,-2.565021417395431,1
1000,38.08702294764215,0.5137990118253166,0.07314234285221778,62.987640034310814,1.1643173888374077,0.1355959694103466,0.8653192176386705,0.9498462646316002,-1.0188733094027713,2
1000,58.321097596228135,5.0,0.06774615659648767,100.0,1.309027209728201,0.10994675317631866,0.5293855687928054,0.7743327572782506,-3.8258059403050586,1
1000,34.3730034937753,4.578857049781827,0.32187827609546027,62.02875803721929,1.2559976942982023,0.30360403178352147,0.7869822815680264,0.9636620002318926,-0.7730548561003442,2
1000,63.54541760297911,4.517199710622108,0.15427145474867368,94.55828256971824,1.6492552710537933,0.18819993290141385,0.6190309877660052,0.8605816358441974,-2.03738512351273,2
1000,52.99108477096807,4.624947485950693,0.06394144626518938,88.65710110452765,1.4442240940438171,0.04751976437881797,0.8286862416704747,0.6822557222323306,-5.081469007904919,1
1000,16.88991703465624,4.06489607433355,0.2993030139472662,88.813049510664,1.4865917436196452,0.34903910084625656,0.7612644787033557,0.9596154126141967,-0.8842114295850834,2
1000,56.62623411947225,5.0,0.08934892506720656,92.46384203076931,1.387779095714009,0.12838282747844132,0.564082654910496,0.7878036203095002,-3.064121553853795,2
1000,60.34030812090009,2.2312141417767357,0.46832926586192003,99.83653473000247,1.4903046859375058,0.3619983074351726,0.813388958031253,0.9784124665176714,-0.6255473178430689,1
1000,46.69468089021438,4.2497056124538135,0.13555593782315747,87.92591308523102,1.554356072886402,0.20734107785513528,0.5451437295031356,0.9002207616461118,-1.4748210625171423,1
1000,1.9490000023477734,2.2618007400949116,0.9268230005673164,53.17136587184366,1.6328776710077622,0.35732478092952946,0.894988708272995,0.995745392422628,-0.24061729693100614,1
1000,32.79346670105089,1.940498235832644,0.3078717442532108,50.00000246971487,1.2637493520994865,0.1641328017381872,0.8901557256413033,0.981775501728944,-0.5218350958743612,1
1000,59.942292117514405,4.2547485202325905,0.2828850295059611,93.90951569632642,1.476251846320358,0.2858643996878642,0.7857538445605952,0.9564237025339151,-0.8730695897065823,2
1000,14.920309522341334,5.0,0.2754038587966323,88.62300558859317,1.4893007462024739,0.36525915990834606,0.7026527725760946,0.9469411211423567,-1.0848025110188506,1
1000,31.83937124293708,0.4579542271792913,0.05610149273266517,59.9655537133105,0.7276034217056068,0.09459274950966289,0.8185207285782303,0.9191906094000805,-1.3563257403970805,1
1000,51.61194262997417,4.465644979796078,0.17667045485682403,95.96131026898462,1.40967153482445,0.21927009308219805,0.6628536309483292,0.9125324343687786,-1.2998076476042146,1
1000,32.439835336294976,0.01,0.016821175808566124,58.0791065648597,0.7961709700164951,0.035291169000607345,0.8418747561917163,0.7960063024784068,-2.9616801200545924,1
1000,59.11120227232262,0.12659671632427938,0.9397075520404093,77.31322318843677,1.5060133908030857,0.2865172187649386,0.9180861339339288,0.9991986311566072,-0.0979211646801195,3
1000,34.41523496734169,1.6116588399595946,0.14931659691772756,53.86075447470671,1.2936757868263475,0.15587838912189284,0.9000221193976853,0.9393359764761829,-1.046698439835107,1
1000,8.825402247483941,5.0,2.0,59.77735352023399,1.7786344073938347,0.3062612102539997,0.9554452415954182,0.9970646481027877,-0.20557975280073337,1
1000,42.56494286193852,4.212976554235661,0.46231346571488763,91.16389520062407,1.4412482723601259,0.3371648178384107,0.7903933959365053,0.9816888756971913,-0.5536121464561452,1
1000,47.90432502010338,4.380528184668228,0.20796332091825026,92.69410480645797,1.4070926671636899,0.2731184161580715,0.6319906370113596,0.9340993188300691,-1.0771542643014456,1
1000,30.75998466829523,1.542654613506626,0.30763744448629576,50.0,1.2093184660946428,0.3144633176452471,0.8324128507482278,0.9711583057093529,-0.6815841289542549,1
1000,36.11636899238257,1.6871120027433237,0.3762718117258971,63.63755895544203,1.2231473716957608,0.31069969191720415,0.8343389068482355,0.9778361235777557,-0.57687693375844,1
1000,27.913891943796703,1.6935170290063675,1.6976145639695994,50.8911493307151,1.8414136195712063,0.3680505643077402,0.9339329875012946,0.996478626898396,-0.21258917887279713,1
1000,38.194669329721265,4.5553022155230725,0.14142601450175457,63.33400234779999,0.7522459060686086,0.10129906405746536,0.7664462902467997,0.7907576871285958,-2.132823005410939,1
1000,17.771230874437624,0.5493778099285218,0.17508349880806348,50.3567480754588,2.0,0.22279664003600458,0.842461282012918,0.9710292464392244,-0.7333199884237326,1
1000,59.51617292232296,4.520700374070068,0.15380723867143928,95.38387047478315,1.6557427080994125,0.23487431883072613,0.5528210370633776,0.8816762643773252,-2.0594413729059116,3
1000,61.57832728662248,3.9410262837378975,0.017438732573053367,96.26485834522691,1.3365846478025987,0.004156463272606459,0.8468066178034193,0.5138065738665263,-12.622103197779081,1
1000,49.94561024396605,4.406494542061145,0.27377661370733886,91.28558042927367,1.397054542475489,0.32437873787653054,0.6878730075243558,0.9585487216515716,-0.8787086394080106,1
1000,45.43885526137763,3.2199357182925104,0.20106472332953224,93.91079576511494,1.6471536709266394,0.3090651483722501,0.5377699521434313,0.8856134978291033,-1.8268711222343876,1
1000,31.289935705640843,1.4829027225679419,0.12104670310226359,50.0,1.2831937073270312,0.18934402966982816,0.7468719148458003,0.9157394296649585,-1.2948213940052453,1
1000,58.82207692728818,4.844777579858403,0.11346146757125662,89.32769354520312,1.3953929002253391,0.16952888607554925,0.5620298368674629,0.8819077210226482,-1.5581982519944266,1
1000,1.0,4.264137593787027,0.3409852786920953,78.85780037387913,1.1077876283368884,0.37697247273296025,0.7706136589647111,0.9670176163981998,-0.7228788723043951,1
1000,52.18340811885776,4.457594975084996,0.2168248152028223,96.30031541594317,1.6238604322730468,0.30361361068308684,0.6239928871384111,0.9399289946259495,-1.177549049024291,1
1000,59.62046755675764,4.731311745334176,0.08022512130042396,89.14017393338158,1.4852679466636203,0.08025118988403515,0.6274914406616388,0.7057640343088984,-4.2354245033031015,1
1000,46.31560431052675,4.58706303763869,0.16146410431363215,82.73527171334135,1.4606219348955285,0.2319894031139931,0.5978749481443242,0.9262817020450201,-1.222011504119854,1
1000,58.16735110732374,4.582583401753292,0.18543730442226442,92.45085042345664,1.5552509591985215,0.2385426526991687,0.6148191437512878,0.9169987498566572,-1.2825877254045202,1
1000,43.78913213583193,4.346428633828217,0.09856177288425527,93.15009341240126,1.5007497813880577,0.1455014524086582,0.6277471331301657,0.7716594146413306,-3.1973280566637152,1
1000,56.31380135807064,3.9685949337658166,0.14503377740778725,95.86583303225518,1.648609077902985,0.24789890277436893,0.5008205513754165,0.85574279682547,-2.528509208813871,1
1000,36.39518991900123,4.401228083057524,0.2876725294735785,89.12537999466633,1.6582336264347437,0.32830115600185905,0.7327863288966825,0.9471262002451425,-1.0695198952556384,1
1000,38.781177821363535,0.8533284240135035,0.13623400523771745,65.75441668499245,1.1888244421749565,0.23969866714446303,0.7906483654977551,0.9609857799380853,-0.987342125633836,1
1000,30.076970153442346,2.0253467695866876,0.8950179245596452,50.224183023574064,1.6892442506688965,0.36108112926856156,0.8862048121886985,0.9894679665227076,-0.382701565852837,1
1000,16.009165960222933,4.00372204890388,0.3990723542151322,84.77365287161011,1.5049936166563334,0.3129064505099185,0.8517015530534187,0.9828599014619452,-0.528539936964852,1
1000,49.24617550618897,4.349476991482275,0.1493478011788258,95.70529130717907,1.6158782592694987,0.2559887971501431,0.5359481745692058,0.8918033032301647,-1.7668177308220312,1
1000,44.60127904194067,3.6572937336354534,0.2104028794580993,98.20834075183355,1.5992489430548071,0.3226535719256804,0.5825396193693696,0.9189548187410954,-1.5047794872578435,1
1000,28.422916567444616,4.847502001867872,0.10593101518494236,83.71854801345069,1.7112521790503312,0.144106013946357,0.4909233938337963,0.7994888283519614,-2.650074838884287,1
1000,66.90473747778594,4.495874944936057,0.16580192523431939,91.10402298729974,1.6525644448752184,0.2655432343631575,0.561650611008369,0.8828103002551909,-2.1326153900162264,1
1000,1.0,2.153836357938425,0.01,100.0,1.7447149639065116,0.0233363433098439,0.03850266083070006,0.3861933622608656,-23.987846409691628,1
1000,43.732542876451014,4.383435680044706,0.2026713445203489,92.64558199443975,1.405816434488964,0.23719303732472147,0.6741501841243525,0.9567369843690483,-0.8631776260698731,1
1000,44.51963184165136,4.706430557055291,0.3222110537515176,90.4927522754769,1.7203562703822421,0.3008822276359778,0.7060656522194216,0.9246833849112487,-1.2630781100700423,1
1000,49.20058822102963,3.402676171271988,0.7494410025913111,60.71386365182999,1.0037724063404942,0.25256780374549487,0.8441190890075247,0.9916155576603387,-0.3369376354700996,1
1000,31.01787894083534,1.506638534996504,0.12218039419678346,50.0,1.2822530166846589,0.10957932482808944,0.8825911526667465,0.9225660844125064,-1.2246133302083138,2
1000,58.58772080420396,4.985097520546049,0.028546283797353043,100.0,1.4187353874296496,0.017860780153229464,0.7671734403604249,0.5913065340479542,-9.224467876853778,1
1000,58.81918230114278,4.894501666141369,0.11377128023456178,90.81499800337357,1.454253487699018,0.1955627193108024,0.5211255680799064,0.8222516718118815,-2.8042165998940374,1
1000,45.196186914449704,2.9994492511714865,0.41236886226967173,91.72410127154353,1.4074347087138426,0.3292336840180645,0.8721799485079313,0.9723762485218002,-0.6929739545685436,1
1000,43.646735520098545,4.088335996512312,0.14424795595054632,87.58831594110909,1.5053671069449583,0.2530069805668544,0.6138584621947257,0.8950287368952298,-1.7849243480501464,1
1000,39.30648643786906,2.2939926979887266,0.3174095780211458,50.0,1.2916543601329535,0.25870451390749033,0.8024947722742783,0.967830523401313,-0.7301067655701466,1
1000,67.12998224774532,4.493356760681347,0.17311241104770436,91.25517618705729,1.651876587338893,0.20245410765379232,0.6339038706265028,0.8638347927057616,-2.191961023865538,1
1000,39.44809159104784,5.0,0.3433687252566249,91.44399029501008,1.6217051783877532,0.28566478322959243,0.8100581926126414,0.955040942133692,-0.9008485302329209,1
1000,47.06330461061628,3.6986601801471632,0.06594877058376385,86.30592028242691,1.5107424628291857,0.09285964927129971,0.574751866608092,0.7494499587062327,-3.475526644850117,1
1000,100.0,4.88020770266071,0.8117258133049639,87.18524541121928,1.3855015197416374,0.18731429433629299,0.9113415363992032,0.9943700581886746,-0.28816737757268374,1
1000,48.34970595689139,4.910613339200296,0.24410459185930392,92.44691463328235,1.4131361972289223,0.2460350582108215,0.7399182360761605,0.922088310890488,-1.2307669606902074,2
1000,45.17878412096543,4.220610094783927,0.1395141119980583,90.11858420501271,1.4692315035340184,0.20504552322904515,0.6051628689407148,0.8487734784748973,-2.3630384440112864,1
1000,35.52709111559763,0.01,0.015313266768066384,62.823759821087826,0.5,0.009167657556704133,0.9996182436939605,0.7061263128189059,-3.5039869587746084,1
1000,17.63871524534633,4.380687259444967,2.0,75.652217071449,1.5644805662660797,0.3378305552561688,0.8975608879900345,0.9962133647364723,-0.2311565324346635,1
1000,64.82899937656755,4.459825786920478,0.17394311397961956,92.26507135489084,1.6477817017453649,0.21746873702878372,0.590475786214112,0.8947695746875509,-1.4553221951746307,1
1000,47.32681780537969,4.460807265457797,0.2060886281065989,95.04274293754018,1.6584466391922186,0.25318335272262615,0.7630275223823842,0.8913847105080007,-1.5749324998378904,1
1000,54.610718716751315,4.953767372004236,0.0915399375764555,91.50154971565738,1.4142607127148528,0.11858465286386735,0.5147030538219022,0.7874408375792816,-2.7352617257364313,1
1000,52.98983381682962,4.639325401246783,0.07214407063861822,89.12282252933669,1.457635775691876,0.10737741477404666,0.5086838364413548,0.7911223461432415,-3.1121144602340687,2
1000,46.69911441440264,4.379006735912677,0.19638085908743277,92.42757754974221,1.4114335653460537,0.25640101887257744,0.6697370688519123,0.9355065130176199,-1.2179439322629566,3
1000,7.895594119611386,4.381563950667876,1.8216951523230944,76.62878183890182,1.5715087188954704,0.31580622062113706,0.9339089356465027,0.9976622504321295,-0.18864627286280106,1
1000,33.50199909537064,3.934210650872534,0.24463390011524072,92.73170433505456,1.4823270690685693,0.3113559880994634,0.7871864116019632,0.9570156967115893,-0.9148101103461733,1
1000,32.19375393149552,1.5416458150106478,0.49044474731046767,61.49463047154859,1.2315871310254596,0.2580929348256961,0.8767507436871803,0.9899749970661946,-0.36997166933123354,2
1000,32.30182803931274,1.7134424579345715,0.30489932010279497,50.0,1.5058603905378725,0.2371790552042573,0.8635995507595473,0.9712070105401657,-0.6519522089044435,1
1000,56.733147685065916,4.476754614068497,0.11339590001088362,94.19536240599149,1.4078509789191107,0.19342424708733538,0.580350110471153,0.8738215244379783,-2.0514509611914584,3
1000,34.96614681353942,4.598500198477033,0.10902572156539314,89.97837206347876,1.7387974740425325,0.17492095244376152,0.5824854766969859,0.810220238427219,-2.8300499850203007,2
1000,46.61389349635115,3.7643253803562033,0.17317274000941887,98.5431665588906,1.9730881141344154,0.2912603053806177,0.6633039118896221,0.9018860709631857,-1.969718738169181,1
1000,60.16070026635692,4.938780731876734,0.07492310069157798,98.47191038786607,1.3554152865961757,0.06860349062651787,0.6331508185250498,0.7333588026421536,-3.603597594372158,1
1000,45.88163141116789,4.410281057956112,0.19109927845752375,93.05172892282044,1.411151779969366,0.2673040323227036,0.6734064013891464,0.9086207725757256,-1.5342904451563844,1
1000,37.36878247335317,4.8689940257868205,0.2907451377117098,90.3602096516435,1.5792188422850737,0.3015550117391864,0.7130544058686943,0.957007242822907,-0.8449084944684616,1
1000,33.91784501069136,4.651413671386777,0.0625022110924343,89.66920322838465,1.454385481083828,0.11088530771772188,0.428060132428185,0.7532144201179427,-3.7613500484554625,1
1000,67.12996519622601,4.493356760681346,0.17311241104770436,91.25517685067766,1.651876587338893,0.18656551484471667,0.7187361950594576,0.8731607164456535,-2.041124655787204,1
1000,29.84921330444274,1.8915468924508427,0.9207115245556566,50.0,1.687548982476754,0.3691396308782735,0.882978625936865,0.9858504516167643,-0.4450251244807165,1
1000,46.636480831390664,4.225393290555906,0.12371038734150042,88.64315608984637,1.466024278574473,0.19447157006808977,0.5316439978686374,0.8625491724720183,-1.7874993572649558,2
1000,56.27335240169612,5.0,0.0680542065774109,100.0,1.3833476962860383,0.10270730138700955,0.48043825098204224,0.7900314314637618,-3.017724787849457,1
1000,11.302405476510739,2.3742591525692074,0.3387046222946501,50.0,1.2765975103484861,0.3514879913574798,0.7462948669289724,0.9563536214185065,-0.8746447368742668,1
1000,56.481136668781474,4.455685943041294,0.12516091334558369,93.75525758877541,1.4535945297482666,0.20139459416147998,0.5418173672296349,0.855451210906323,-2.0855405877734894,2
1000,42.283998715833334,4.386967578678377,0.3543991454857281,89.28657859203312,1.6021219815919467,0.2877726525589472,0.7731430329805822,0.9757299602940652,-0.6288919949612685,1
1000,30.03655378174983,1.873452859169841,0.6247672346994761,50.0,1.5896192234850262,0.25450762949818917,0.8496824212577292,0.9896829656683098,-0.3774708568087164,1
1000,45.18191628396085,3.7685204213015067,0.5927744918932895,99.95258734718342,1.3507660115078517,0.3593105097897758,0.8102899144456501,0.9785058178294467,-0.5979334165236447,1
1000,4.190317636029721,4.659703970150488,0.19056017818707865,80.99168309683336,1.1868264219649731,0.24903051273390392,0.7243198039063242,0.8963138913562094,-1.334961659664188,1
1000,59.257618435392885,4.756913351566054,0.07635374284514736,89.62004887099408,1.485654148758958,0.11051435611245285,0.485032548931145,0.7987379886158332,-2.8485629272108235,1
1000,78.7787183898641,4.557178249017183,0.01,76.06891819921863,1.4074226991427672,8.516506694482575E-4,0.8871443989582048,0.49311679489218,-21.69923070654791,1
1000,61.2592511064211,1.2811865552375843,0.830712390261725,65.4780532105988,1.5880322599087249,0.18104967413068795,0.9370335082824217,0.9963060440283164,-0.2281990806688477,1
1000,22.87435095135001,4.711579699271019,0.11181344099229899,84.63479327149625,1.7932928306705025,0.21641685778113895,0.4443372417490761,0.8503891004379414,-2.4119010572434045,1
1000,54.513667334364044,4.735743657218102,0.11328285034881892,87.45030444679362,1.4326023965499348,0.1431168719121889,0.5853674455153235,0.8303646119934874,-2.0830190898371685,1
1000,46.248317181340745,4.757197105301571,0.43254771349006105,87.49896784493667,1.7075934649648798,0.34952873639657067,0.8565724274524447,0.9771189971153263,-0.6388620940904608,1
1000,48.38019433627171,4.363406936743421,0.19784486730865444,93.02423113979211,1.4151685513894017,0.3015129318818692,0.5863263068918151,0.9135572793192197,-1.460245064879098,1
1000,42.57212007183106,4.81716224647364,0.2911267573186781,90.1645034474625,1.4488883866890765,0.29560792478952813,0.7780338935938516,0.9462446656586734,-0.9772168325782067,1
1000,36.32061584048099,0.27545504750901245,0.02147100468629132,57.6898827285503,0.5,0.012683564842543855,1.0317335239509127,0.6976499151754136,-3.5150051154240587,1
1000,57.26437945755911,4.709678731088534,0.610840045026633,85.56735525688391,1.443585600940696,0.28580585962087857,0.8311346257980334,0.9883546373370696,-0.4149948867139317,1
1000,1.0,4.476966105480255,0.1760842200933657,95.65059104524425,1.4265475505037113,0.3371851040801821,0.5145740456827143,0.8901231029265,-1.7374099979205917,1
1000,57.50254891827168,5.0,0.1164978443119796,97.14402745849046,1.3926013612028896,0.1647381214847959,0.5023433476405735,0.8143691494231678,-2.4069481096632814,1
1000,50.79334803190717,4.99820541655162,0.08893245707899176,99.56568956882703,1.4799493783732052,0.15713531537578274,0.44486538806045584,0.821784002596825,-2.4068913761269664,1
1000,37.626971086767206,0.34419075274404093,0.05665530215735616,64.51869382787339,1.199378822594252,0.12271411298570507,0.875542014765896,0.9419619743148651,-1.1419286304758498,1
1000,39.07247732568384,4.436898632370925,0.28969999098931903,89.28675885441659,1.623514731190241,0.27288220187523665,0.7397988867952578,0.9716705928343681,-0.7096076612966882,1
1000,46.26423709927638,4.112160751309779,0.4269426197402256,95.06035321265306,1.4432588286484926,0.29760184335386264,0.9154223205547501,0.9738991167934367,-0.6545229583536822,1
1000,58.85633690955653,2.3317091755763446,0.48285008258912326,96.05971537073178,1.488117020297038,0.17931998791979087,0.8894584844305586,0.9924073404616757,-0.342989120076492,1
1000,45.540481474218375,3.1507662024730614,0.20030547575921118,93.9045199822385,1.6358776744827086,0.3084150020596827,0.5774471063538332,0.8940354024929237,-1.7059720793017006,1
1000,40.82560353185374,2.941426847534865,0.18574249441306026,93.64785560793428,1.6537225917818754,0.21420032864804725,0.7493222659635888,0.9496028528535427,-0.9423409677814782,1
1000,32.683863796089135,1.521644301550708,0.3070535333603808,50.0,1.2768907055935592,0.28296436562287136,0.8685296084459485,0.9713077924914637,-0.6395053634006659,1
1000,33.237334962231664,4.65032447182312,0.10483892747761801,89.57659488664257,1.4540575672540994,0.18673755519917143,0.49952942731943595,0.8633724562057666,-1.873665182295982,1
1000,59.55906802667666,5.0,0.08096706425864938,98.63012068322925,1.3502545999303157,0.13288405280643964,0.5170697567112356,0.7667593146770768,-3.737047160612001,1
1000,56.194012836054675,2.780269502644857,0.4223220381255537,100.0,1.5066575267388918,0.3279945036910359,0.8646040731166578,0.9701477789466663,-0.7087110442793357,1
1000,54.33193788019895,4.1974657777449,0.08588763388301686,85.25627308124461,1.424437147152116,0.13149924091517923,0.46195131663143013,0.8226123087373757,-2.2986008732068033,1
1000,54.60891843084429,4.691042255328478,0.10900192757813817,89.82805928494196,1.4379386624336905,0.17557452363890344,0.5377983555067678,0.869249071688232,-1.8318311957456348,1
1000,34.17931567876115,2.2157900573407905,0.39140288648929444,52.84868734326734,1.2287834181754704,0.2608589462337673,0.8895976257069411,0.9756128285381518,-0.5797324201169207,1
1000,52.72624937383212,4.475550645522982,0.18390873920744893,95.5643350661536,1.3396460997463469,0.24379378572723204,0.7107380947045799,0.8976024888463343,-1.573227093286587,1
1000,35.02299548108247,1.388441159928553,0.3710328052670297,62.33841110104968,1.186058075977676,0.23254672780113725,0.8376020641856692,0.9893661666157392,-0.38770504862213706,1
1000,37.64081006382247,4.259125784585233,0.1914381881246033,93.82945053882156,1.4857984771679809,0.2742524048490303,0.5960378195233627,0.8826534752438051,-1.7647316503182002,1
1000,70.86739774906236,4.526923161810307,0.16328896819622404,90.91999423105511,1.6613146232927465,0.22776438719621334,0.5789007894795166,0.8926657489182848,-1.6816915538059731,1
1000,9.469105776445447,2.2178109428183115,0.01558012705605908,78.94280612521672,1.432133021817221,0.011620026177434425,0.5700583248273621,0.4657084450357573,-12.607783263424386,1
1000,1.0,0.01,0.013425278617554513,50.0,1.2786699591912336,0.022782943958068052,0.056844944916077805,0.35371452349134097,-16.51440248974679,1
1000,1.0,4.349314360459713,2.0,58.41854132400775,1.8447317904495455,0.4061187720241444,0.9602147106516801,0.9984336346604933,-0.14643701272302603,3
1000,67.57158029207665,1.9054280557219363,0.5379432585138718,100.0,1.525903525296126,0.2379507849265717,0.9810532091525214,0.9921266301242165,-0.35315613776343857,1
1000,29.91318570749107,1.8395921837924816,0.9184349984759432,50.0,1.6932855359620047,0.27512487046706235,0.9087898163090371,0.9931517129484715,-0.3017750388854534,1
1000,38.44923357830049,4.425758678081783,0.2821811493065534,84.00957651194923,1.5943783477581348,0.25559339826634153,0.7477926250921084,0.9569948645730164,-0.8578364667317661,1
1000,45.09647824827187,4.680921960804501,0.17360875957796384,81.40821288620349,1.4644043711077117,0.25897795887475444,0.657414759306654,0.9221782926172896,-1.2978911027693414,1
1000,53.60924723123328,4.534063868024783,0.1409922833811636,95.42303823533894,1.6285904424611228,0.22087342878370575,0.5282387608763253,0.877850671727509,-1.8520483329732207,1
1000,42.936544434150996,4.345784419458037,0.12194325247157842,91.33102430511667,1.5064197018526364,0.21109800060760692,0.5830674308030569,0.8796283525324987,-2.0220077432587797,1
1000,21.551565181225182,4.515547354148604,2.0,60.542939639506116,1.773595268515621,0.3222726543779929,0.9416417339879145,0.9964883507338587,-0.22221831193360006,1
1000,39.045973039057685,0.48653939277372127,0.13439724976839904,66.22238391037335,1.1977066878794127,0.18761453225964195,0.8336453080463783,0.9852910120405179,-0.47650054584132046,1
1000,54.02482178777849,2.5920954043964626,0.45304271926272804,97.63348507325401,1.5159915927285592,0.24610680651224218,0.8778844320608216,0.9803562118120579,-0.5762190747900482,1
1000,33.65025771924517,0.01,0.027903740896312125,56.480257237472564,0.5,0.046564449959939455,0.9927887493047853,0.8313401808528483,-2.0929713776156444,1
1000,45.85203922655521,4.732869597830018,0.19618413768381135,89.82104305410118,1.4091776723156482,0.2701972106877728,0.6596507788598631,0.9311013560362016,-1.1903239960175378,2
1000,42.30670637450461,4.743275074412723,0.3236653715376679,91.77082012055374,1.448176341016469,0.3510277537670161,0.7178465477920977,0.9526488516487284,-0.9788719238912726,1
1000,100.0,4.405673140936539,0.01,93.10336204357036,1.4071847637758421,1.8731788708515102E-4,0.9460482738254699,0.5054042088970807,-21.329326367967763,1
1000,54.373515872029316,4.415361103771707,0.01207471227732941,82.30473248054201,1.3572537436560903,0.0016633396061072152,0.801470820219069,0.4704834223875547,-18.367454709293764,1
1000,2.400388049240442,4.34649053275098,1.990332625386309,59.456517603737495,1.8509250510060178,0.4485742672739492,0.9210648211385424,0.9944810642045968,-0.2699346782873893,1
1000,55.160940795408244,4.3727767850877735,0.01,84.9407431105056,1.357329874500795,5.221561659204127E-4,0.9967873705950264,0.4601780904067846,-28.24188031674401,2
1000,50.56154218030818,4.2496562912273514,0.18992939613194612,99.60375950015859,1.9866488257309953,0.2647093055535916,0.6114456046163951,0.9092561789851594,-1.6730536135997156,1
1000,58.97273827325142,4.845840122721975,0.01,62.3027377810851,1.3759989367111962,-4.985054551846197E-4,0.8874665482185499,0.4835634664429364,-22.20615401076725,1
1000,48.64637182482034,4.348482023488942,0.22602171052391534,92.86536455611184,1.4174775979665786,0.2841128550862155,0.7404443951201919,0.933724570773417,-1.1938243787622709,1
1000,15.367848334061083,1.9398690390903244,0.7258435619253658,53.66934475592414,1.3188016077612434,0.31244071529989614,0.8850673763882455,0.9898074162298718,-0.37105638664664675,2
1000,51.75939061340975,4.466288273951427,0.18581650604766936,96.02478075814292,1.397290417632061,0.22706699898327437,0.6613742824567971,0.9248179415632998,-1.1934578028807445,1
1000,66.1634825110153,2.2847955915520646,0.48429325315507604,99.55756535123857,1.4907617269329556,0.33316968016387893,0.8501118356326237,0.9822195541027198,-0.5502437375126824,1
1000,7.027976433106795,4.522321387720283,1.9630077659646266,62.3471242716448,1.7626457543231415,0.3738234818826838,0.966568050466115,0.9935536080758408,-0.3052679583353629,1
1000,55.139402977414676,4.476834701846987,0.124340297056165,91.92373428255628,1.4068695614533109,0.1757003689923779,0.555822192965458,0.8403248478517837,-2.2271260984958996,3
1000,34.57519098930223,1.5690233277148729,0.39044754492122774,59.58646767801396,1.2327942628975301,0.1835237904995562,0.9078301964791885,0.9907102774824369,-0.3588060019764571,1
1000,45.79913113004323,4.205308919394609,0.14818855507007547,89.4944034437467,1.4386539579487412,0.22882367226509343,0.6073466101108652,0.9049731582691738,-1.4375580608534435,1
1000,54.241471044272004,2.3851883090286052,0.45336737997379384,99.99999231109919,1.5161075166497096,0.3207196506592669,0.8175701599478017,0.9744769941175261,-0.7014049289210244,1
1000,28.130435880522977,4.71798885471282,0.11058535207205451,84.99176745723055,1.6939569770169352,0.17211514642814696,0.4512249380745629,0.8169747707918472,-2.2623674244056264,1
1000,35.30373087238612,3.2510504365507695,0.09036863628566541,84.9523600460441,1.677843405187656,0.16162556366568226,0.5307868527465666,0.8245946972146969,-3.570838892602637,1
1000,34.768983215704516,1.4621721050007215,0.3973409729782163,58.638544977738576,1.2370842490058167,0.23150524489111365,0.934205708857007,0.9867378115117806,-0.43448600146343425,1
1000,16.501340401910927,3.9602859726134145,0.3573149875417365,90.20953902906727,1.4830542338174433,0.37304143334770545,0.7514988449638638,0.9560029551375449,-0.9297998236971802,1
1000,41.76886631956264,4.538699474477359,0.16086085759484584,84.42996612831689,1.526150391670248,0.2287511582440468,0.6247994833379742,0.9228081436385804,-1.2140820900257285,1
1000,31.215975949889817,1.6468672093719574,0.12105118010582704,50.0,1.2930534681937282,0.17109969796535898,0.6826760043829272,0.8881020353512133,-1.8264586547250925,1
1000,46.35064993596652,4.2309186699398635,0.11168777057890444,88.66609085253376,1.4701601086945588,0.20594857495164157,0.5253056046298389,0.8519476568532521,-2.5623124472187233,1
1000,33.01440106956769,2.1887459191689143,1.0873422825291956,50.0,1.9247089818753595,0.3662494243931793,0.9308852803443203,0.9881547433603804,-0.4092550775126164,1
1000,44.71755382590491,3.49701840001811,0.4032198967418753,96.58164792634375,1.6438674282430625,0.2550563677720087,0.9235605447869378,0.9781264728321628,-0.5948676679855535,1
1000,43.197331198266575,4.06541010243295,0.14033552498551935,90.18895747449062,1.4705400001804105,0.22812394676426143,0.5670357679570288,0.9003627858331363,-1.64140792494748,1
1000,78.82557773169539,2.1503271151381624,1.3907799358894986,78.41218280399198,1.4340682620445075,0.3259053966374824,0.8645220090742186,0.9928657633078344,-0.314119424857626,2
1000,45.26363080317338,2.9066004766660316,0.20782123734320207,93.94181619725991,1.660906961360844,0.2167140827464165,0.7478413006203254,0.9210126598116075,-1.42681485944854,1
1000,73.3632319672013,4.958329435934759,1.8980380623105981,95.81471134119687,1.8827239451326532,0.2808236279735922,0.9657960671986602,0.9963745560569972,-0.23617712557205378,2
1000,54.49553689964647,4.675985499013931,0.11569289808693702,88.03747484780564,1.4269154150128611,0.19445445091963973,0.5205606809863141,0.8568243907518669,-2.0561827869070224,1
1000,59.58140009399632,5.0,0.09390178639469689,99.66178132546187,1.4048956863602537,0.10346451583572303,0.579876506543094,0.7798723477147845,-2.9776398873347847,1
1000,58.47577350428382,4.992229884230121,0.10639216224749212,100.0,1.3939278919348899,0.1746100472002447,0.49879383221132445,0.8738204535731127,-1.6787374401228667,1
1000,56.15316027213331,5.0,0.07622255396151519,100.0,1.4105397536178665,0.12435876658188987,0.47497576794717417,0.7997464636258695,-2.6351254033314127,1
1000,49.86831524216265,4.05041225171279,0.23517419285353325,90.87133144364932,1.1769417314089508,0.26849386183590085,0.7385174501506448,0.9654576615685007,-0.7620146364215595,2
1000,57.43924974563225,5.0,0.1139597484593356,97.16491713930006,1.392735164380686,0.20011432976383292,0.49850476945483096,0.8559527606829607,-2.1882934206242437,2
1000,47.6850760340834,4.375121548534113,0.195379244595823,92.65848026973984,1.4102424715556938,0.25459110357521414,0.6568887990323737,0.9504323738342504,-0.9918623116726388,1
1000,78.62574314157024,5.0,1.7821920055575216,90.07818874390257,1.9808530133767597,0.22894628718296728,0.951262056263378,0.9975143925061155,-0.19756848744375355,3
1000,34.29647679115799,2.2896197186701577,0.10252165704932194,50.0,1.3112651905328854,0.1179687031299974,0.6828781986561526,0.8640561958742681,-1.7926330139096143,1
1000,37.503577752779016,0.9585112282290732,0.09247189634968594,63.85493246627993,1.1830064799915343,0.17512721019438918,0.7247315293324422,0.9164751340570019,-1.455083039223162,1
1000,59.43680093637864,4.459932628017617,0.1565075674005239,94.68266315305179,1.5939978687625578,0.1960595837319302,0.6144242898234796,0.883317511561843,-1.5460762037896039,1
1000,38.70560734579766,0.23078582625524302,0.03824291341720153,61.376078346628034,1.2695501142089456,0.10066552313261364,0.8870465881565247,0.9127356981932563,-1.5878005221607618,1
1000,32.791767899062194,1.80954123254398,0.3074165206583288,50.0,1.2641288744148098,0.266154365111421,0.7845217115540226,0.9667082131970657,-0.7354933823330843,2
1000,1.0,4.064253910451172,0.3119264143332241,94.31134454415181,2.0,0.4401881078608437,0.6507589188247931,0.9427618609035217,-1.228352407304212,1
1000,50.65820745966138,0.5760824670587606,0.20154446307481497,62.30760634863078,0.7545395169020994,0.2645972293035906,0.8464301124325198,0.9839376959887766,-0.4717197102619406,2
1000,38.78607764415256,4.377262920112814,0.29403625074551637,89.97239853760799,1.6247991405192093,0.28890218416676106,0.7359915603414537,0.9300730902265079,-1.23281015497345,1
1000,58.92751456904128,4.957446676116196,0.03043932817712177,100.0,1.4176044433657469,0.021171173744150965,0.7520224561923461,0.6048702621968073,-8.84126428159974,1
1000,1.0,2.1852886329734904,1.8448005890886847,100.0,2.0,0.4775766651880011,0.9758742450028318,0.9962572809116825,-0.23882202657510876,1
1000,58.139421268318195,4.552050336727966,0.16388936701885054,95.7803268984311,1.626812921186991,0.25513638434996755,0.6147364611583255,0.9003912802269178,-1.7717472614124772,2
1000,38.55341793511762,0.5871525702686343,0.10664349549008227,72.37187551113043,1.0980797391169417,0.14879488543950062,0.9138191273321561,0.9716358252619802,-0.7020138446603568,1
1000,6.044068854462319,5.0,1.619250447006079,63.30148810649152,1.6477408440146128,0.2811419685309598,0.9346308757185355,0.9976172041239301,-0.18444070455575237,1
1000,50.25332711181179,0.2620372926563281,0.0942732116302102,61.52258329392937,1.048936271636472,0.1504760009208129,0.8984921892678548,0.9908908251371642,-0.35260449884393885,1
1000,52.577724370415474,4.489137540644572,0.17792371405302537,95.1374214176432,1.4126470511423217,0.21952863964921512,0.6386790905031675,0.8813354030003839,-1.8760327061473554,1
1000,45.46965895470245,4.9995508714534465,0.1860258337742565,86.07645361020519,1.4661079280915637,0.22170129292827445,0.6527653300367127,0.8900211765852254,-1.5649170435265283,1
1000,52.46797595841608,4.481787532740533,0.17735557890874634,95.18275952190851,1.4124104400788737,0.221709901928856,0.6655204890160287,0.9463583595442938,-0.943331965728569,1
1000,33.29532865886183,1.6218819811027756,0.3095186829780341,50.62659773327033,1.2615188581370134,0.2049653930778055,0.874235990892845,0.9813700157840165,-0.5253448691452615,1
1000,31.135791570405907,4.722646573491061,0.09525738289813211,83.14339436835525,1.6582148001444221,0.17004192497567353,0.44256576822354615,0.8320172144324499,-2.2524855074401517,1
1000,1.229816372944041,5.0,0.21222225713091852,81.5181022038401,1.1676170392576142,0.3653075427942277,0.6461652731762828,0.940944418013795,-1.0569898150010417,1
1000,29.842298583733673,1.9358510242145337,0.9690059851805711,50.0,1.8629468135874026,0.19872183409270347,0.9540025242439997,0.9963771060531774,-0.22533575037650394,1
1000,33.21633535513736,4.845280359958931,0.11855718237036846,89.99303103911994,1.659785309963119,0.18276208909981673,0.5147086871133911,0.8332800198744608,-2.546355408920898,2
1000,44.865015097008076,5.0,0.12390886074388634,100.0,1.47752436927495,0.23944852940815473,0.5228842008727139,0.8670509401352855,-2.31376415025404,1
1000,14.974315636118241,4.373209068118799,2.0,74.7453459507552,1.5849276271907704,0.3701403075819861,0.8844943344408581,0.9945951325930873,-0.2822455118824239,1
1000,15.23550979984235,1.7039828748410286,0.8941205906040046,50.0,1.5833699771846013,0.2293164767941013,0.9295939832633555,0.9939465333098028,-0.279999989956956,1
1000,53.0566206953877,4.370591425412421,0.16425682976241254,95.04301624278915,1.6805699561137644,0.24227213381700277,0.56581258490541,0.8714329219047946,-2.2170072812482866,3
1000,29.196145837261348,2.291224055573283,0.12466836827155783,59.695643483553056,1.1995619751928404,0.1814400186314922,0.7146261249839332,0.8846441721439592,-1.722378808618595,2
1000,65.76481745183861,5.0,0.21908357153236765,81.99686051741035,0.5,0.17604084314142232,0.6567825714622827,0.8884977554922342,-1.4309904938778697,1
1000,46.2996610161462,5.0,0.39212910011550284,50.0,1.1876509660518133,0.252775691546006,0.822913195923445,0.9748650569250442,-0.6019121036904883,1
1000,52.2517788996544,4.614379976765879,0.1702412398828084,95.17441078673193,1.614566444194415,0.26936130571431904,0.627214710356722,0.8896624274193983,-1.9097005148739719,2
1000,48.84304785623766,4.369303875396249,0.07761408363591986,98.42217672702952,1.61318492256389,0.1377436081505434,0.4327961400714441,0.7941412427317396,-3.677631578244604,1
1000,67.3560718417312,4.708831056203581,0.14446071126998597,100.0,1.2114993291405889,0.2336951520292265,0.5978234198360095,0.9152259332942876,-1.4454350764435853,1
1000,43.85996483984466,4.9490644275882785,0.2401725221249505,100.0,1.6846676030988,0.28122529685660774,0.6828683222580989,0.9603929640774067,-0.8691532207045788,1
1000,17.398355448489113,0.01,0.017102186557449734,50.0,1.2657908293146154,0.031695532863003244,0.995979554405704,0.7303832853644732,-3.3950907317395,1
1000,46.73001196728212,4.243000408429209,0.10701455479009912,89.06263805002922,1.4671815841074545,0.19629493504486786,0.48687120008388396,0.8598662970455114,-2.326519272712941,1
1000,42.487018143512465,4.356820348542731,0.12211517649676382,90.43829961623942,1.4976023456876089,0.1906273568830696,0.5430579419440216,0.8946869945653717,-1.5063324632211592,1
1000,55.343831950119394,4.686977563908427,0.11554253827695415,89.89585558163833,1.4464586161621824,0.1824215941036003,0.5282482276468792,0.8734420055676602,-1.715285775473061,1
1000,39.19533227499566,4.70966211618925,0.3436767215738345,89.36981321637722,1.5983365790540875,0.2961078868417144,0.7487427858083439,0.9742942481089321,-0.6405780977686706,1
1000,32.91855107772373,1.7917095917709718,0.38272963731646764,50.0,1.2657760358674157,0.22865156498323383,0.8416959430801156,0.9821007897240114,-0.5071866450540955,1
1000,33.53621409605345,1.4779053402294637,0.1327202209400355,60.54504015314874,1.3635825056098636,0.18531993338874372,0.8503536968582324,0.9228284771361327,-1.3580301898965552,2
1000,69.44192310959082,1.9988961970322505,0.5529588052438,98.65649294233478,1.496122271858305,0.30180027814094984,0.8771598284401755,0.9885706813962598,-0.4299602661554519,1
1000,57.563361906926644,5.0,0.14124921643932853,95.87418709835651,1.727032962018595,0.214911407181507,0.5766886611653197,0.9006409448906149,-1.5259318922148613,1
1000,78.8255747664252,2.6697070398042757,1.1887536268586951,79.03578728517182,1.4352682798720622,0.2671710042655173,0.9111870748891138,0.99547759655518,-0.2584151997098388,1
1000,42.005320378465285,4.696489838288675,0.35047699635987173,89.38262511174162,1.736247234253038,0.3493704777256724,0.7263742121946654,0.9587661586995668,-0.8758453379286912,1
1000,32.616280329333044,1.303751016754818,0.2606384401494916,51.125984352170285,1.2274540574246504,0.23791059476796825,0.8220302937256724,0.9698939831607145,-0.6822624671380816,1
1000,45.63466656793698,4.172185031637974,0.14237615641647028,89.27232845125599,1.459485263733454,0.1829146544326304,0.5773536046986001,0.8558685849630345,-2.0405195968680596,2
1000,52.25580937069395,4.463179088581735,0.17430065858595817,95.10214452990597,1.628751046005617,0.22272224356141046,0.6063728230598913,0.8893076725362912,-1.6582156804972472,2
1000,100.0,2.0755808446153106,1.7193909434788677,80.90556209843585,1.4426740584175874,0.22724155987928144,0.9084844564129072,0.9980750249114239,-0.1597155695334818,1
1000,34.187953509190216,1.5614375013054405,0.3897260695468017,59.58187579945671,1.2370044224109948,0.23995028111341546,0.8248204604572141,0.9865834461360645,-0.43978344003908787,3
1000,1.0,4.31970107452658,0.16776548982069542,76.71256612471365,1.1739429315628176,0.2960662889831011,0.5905079707204091,0.9216048532995816,-1.2038562494480631,2
1000,49.99531700750537,3.206590227714968,0.01,91.15616196017663,1.564422021260186,7.73807836266453E-4,0.9700254114525071,0.44232178474399436,-26.81574779950891,1
1000,1.0,4.274323354366798,0.3733450901670603,79.62252950036321,1.1786947444464018,0.32872924735355435,0.7947624450235974,0.9861359111757361,-0.45350610406988756,1
1000,59.08965996155371,4.742272182542282,0.0761268347813665,90.00528697018518,1.416113117842362,0.09637571178215784,0.6820743281566977,0.7255184733770977,-3.9798571138825896,1
1000,51.56520226854731,4.469591385176328,0.17758271055844577,96.01075143644417,1.409663761483295,0.2591539646805027,0.6149698521983774,0.9295681696066039,-1.1676647043473267,1
1000,77.84077712912713,4.546655487039422,0.8921717901304848,89.10996546705553,1.40365192899344,0.35212464252641223,0.9088020178185963,0.9916312681643095,-0.3531269996713339,1
1000,54.241471044272004,2.3851883090286052,0.45336737997379384,100.0,1.5161075166497096,0.2599754568746191,0.8750240093715113,0.9884722348558694,-0.43278566096530796,3
1000,45.44487299655419,5.0,0.13702120405495669,100.0,1.4866453039388456,0.23462864983114926,0.5401399130383653,0.9004749373390037,-1.6374968913510142,1
1000,57.39879060029803,3.3160450443807203,0.7686807974876793,61.614558451531515,0.979339070347466,0.3103843601413092,0.8279873993992111,0.9881094448472066,-0.4005869498741536,2
1000,58.396256516065264,4.518195420737288,0.15880778516618052,91.36822822904989,1.5322431506605463,0.2108793436729481,0.6045297798996591,0.8962391685911779,-1.5030266422200025,1
1000,49.45863993268211,4.247342495037378,0.19020234870954827,96.16797571725056,1.8279986957075842,0.3019320179141457,0.5939306670178017,0.9233610760711155,-1.6000297622215913,1
1000,1.0,0.01,0.01711932388785805,50.0,1.2442514982369177,0.039466673537148306,0.07559344448867758,0.42217752104059686,-15.692445857740676,1
1000,48.46172732803384,4.689551026722429,0.34551631640789016,94.390744915494,1.5998798214755392,0.3746934847129444,0.7598328061478146,0.9694258528441092,-0.771844627401597,1
1000,49.947311512424776,4.391709176524902,0.5182975109291894,91.28419692206828,1.4707700413803568,0.3964874344841152,0.792939797802018,0.9746715129472093,-0.6571122023600119,1
1000,14.618674385969744,4.046916668143676,0.40738353873776395,84.72601698397679,1.5054624445239357,0.29518906513020526,0.852932257125521,0.9861127049010373,-0.4705941302729866,1
1000,1.0,4.527481996153195,0.17116905462914173,95.76825742890705,1.6345070871419978,0.288041709618439,0.5706813683419621,0.9338296310590881,-1.1556241766993816,1
1000,34.4561964447583,1.5690840162343673,0.39069043482143856,59.47380791667155,1.2300557785085777,0.29013445770942203,0.8859030027734732,0.980256606479245,-0.5455321149399335,1
1000,43.378574314386476,4.257078936450119,0.16863549066038658,79.27990732059398,1.4623655880070534,0.25967595509766883,0.5983697997883143,0.9148385070389693,-1.3824243605539783,1
1000,55.87884898124715,2.384558763887328,0.39670879941988013,99.99999215717264,1.5144677534276925,0.23486128248671176,0.8784839132895292,0.9868151286954043,-0.46481128629631757,1
1000,32.89267224142833,1.7936251305210487,0.306328239502203,50.0,1.2599784072718831,0.27225713450973765,0.8853857340531303,0.9682887604916537,-0.7335008109230869,1
1000,51.714988113083585,4.514618481045843,0.17777228257085942,95.6272011460339,1.412390994211596,0.2778729243676292,0.5764796832988044,0.8909160297882135,-1.728798147725907,1
1000,57.75525669599131,5.0,0.07297200648625321,100.0,1.422776891949071,0.07793450572255468,0.5674496119479528,0.7375497655155537,-3.1856518433081003,1
1000,47.46605325795407,4.452576990365419,0.19285935334351903,91.66051672357735,1.410628554144377,0.24936159680306225,0.6862628469408144,0.9062631926357825,-1.4345033997876084,1
1000,56.52831782906837,4.542492352148408,0.16386465031641498,95.2321259622733,1.626989987418671,0.260062241117744,0.5544485541085763,0.9100765864769446,-1.5931290588024414,1
1000,55.56148321787751,0.245022581374331,0.8777880142940473,75.4558790294802,1.5814298522094214,0.28691872743532704,0.9193346693085102,0.9989809143860553,-0.11267424786995611,1
1000,47.8032005335236,4.407616584377981,0.19454317641260666,92.73684256747147,1.4126888669555284,0.2536149728759863,0.6424568731554685,0.9248306885664423,-1.2186634636448186,2
1000,55.13110097189846,4.739059409916377,0.0913961277682793,86.28087579592616,1.4314946052445454,0.11835706059371032,0.568884747694046,0.7901449595891267,-3.0221057092912194,2
1000,39.2535337733278,5.0,0.2888540048693103,87.2460042556979,1.5850187871131136,0.3611775540896594,0.6704219303529408,0.9408225385970295,-1.1316426973783877,1
1000,60.650124754141544,4.837487970100651,0.05783058861593523,96.47785252222197,1.4029170161613873,0.07921930301441106,0.5071270471414362,0.7327821173566977,-3.869470597378443,1
1000,28.225557715786305,4.893138799813988,0.10804880348291845,82.9636345181258,1.661826563035602,0.1806409953419491,0.439769405516184,0.8013482425761553,-3.496245031422885,1
1000,47.85939074745239,4.3783283934534305,0.19493847568541386,92.67069490644688,1.4117111555673412,0.24455378399217498,0.7025444187994362,0.9266753576532472,-1.166382615857692,1
1000,55.313513908013746,4.687349740925847,0.11388407219614277,89.85498679451092,1.4484356515228802,0.1719664084411162,0.5322755667460123,0.8803465320509427,-1.6362868466628604,1
1000,43.591832615485835,5.0,0.2451456602139298,100.0,1.7672769908781973,0.3001049201716683,0.6606546362213085,0.9474350525747403,-1.0301240951522441,1
1000,46.75559673370817,4.238675143704677,0.12447870328541777,89.24826982322574,1.4563824062892547,0.20203476788607644,0.5828505788594842,0.8536664355596111,-2.3250960506515153,2
1000,46.02586294627569,2.7642686457426793,0.1385895978579863,91.2447101876921,1.5066763318657936,0.2204761541129106,0.6416772447551389,0.8886826803597406,-1.8007090632024463,2
1000,52.46935070642811,4.481713450267189,0.15254654368369547,95.281290523461,1.412410909017041,0.21041222625306533,0.6507704478069951,0.8865809524846111,-1.6532037933576673,2
1000,54.059925282947326,4.498299603686422,0.17278151323908011,91.31891330591068,1.6618079546533222,0.2739831593482025,0.5840303352014096,0.9022562456297184,-1.7034790830396236,1
1000,57.38927297571205,4.751700876805008,0.06753089578414234,91.53525405570107,1.4122058619457132,0.09704500665402928,0.5450996999900726,0.7573042132608473,-3.811842499372421,1
1000,34.09591563108636,1.453015013256664,0.1389322918826611,59.942253303991876,1.3630840610567065,0.18206802826102816,0.8351137933703324,0.932964873412655,-1.2570436041848492,2
1000,49.59231313267619,4.289926107513059,0.23335931913328484,93.16353906970724,1.4172927112579903,0.2872672765650901,0.718072008524782,0.9312599111271693,-1.2775842282581453,1
1000,53.28236387847772,4.562172056441139,0.0733768484773871,95.72093323314783,1.6219389147714365,0.1036754714410879,0.5930246044638523,0.7438142152276976,-4.9734628181666105,1
1000,38.99640089591599,4.337030471405789,0.2838058956195703,88.14417492292604,1.6198183239129207,0.3457262111408629,0.6825759437241683,0.9527831717253672,-0.9918416029621934,1
1000,38.172685970014065,0.9336900407513608,0.11198257358852542,65.8245986753004,1.1964801882348024,0.15703855391125277,0.8540894503443732,0.9471422017371592,-1.0750318173504767,1
1000,49.42337745204997,4.974381566409656,0.6217466185158531,100.0,1.306633328818098,0.3095262949976197,0.9111234629910344,0.9876029504386957,-0.4323260728995562,1
1000,45.19706603909932,4.198281941197008,0.14048019927756464,90.14275096845863,1.4693877156774295,0.24243022506318293,0.5561140107553901,0.8947784916546421,-1.8249167248211882,1
1000,60.254801312270025,4.295747715415001,0.17179331427544686,78.89167668741945,1.4894749733143484,0.1983095135730978,0.6495550218705571,0.9364604416290111,-1.038427928382513,1
1000,48.739163085928176,4.343349662595786,0.07425738591377043,95.72288111261636,1.6177497297773296,0.12395941782159096,0.5128609116686645,0.7857259655742426,-3.4624293232787395,1
1000,50.56618736105916,3.216574671366922,0.025170117149124697,91.58432438171732,1.5595039874848133,0.006552741594195851,0.8956665750030586,0.5156887468158264,-13.388878177628177,1
1000,1.0,0.022883712662428335,0.01,50.0,1.2364360522441418,0.010738114791451567,0.03749830389103864,0.2600005518612922,-21.314139371304734,1
1000,50.27345125242156,4.876468134564286,0.12421005881207799,99.43866589831438,1.4613944270201087,0.1653945183131677,0.5530282290314001,0.8328345006900607,-2.6889054477310306,1
1000,6.304041345207481,4.5127635095388445,1.9812266254183115,62.233944940846314,1.7681025423070893,0.3505530075097761,0.9618438085964817,0.9978769093306645,-0.17265586557403148,1
1000,33.755475326905014,1.7630672458577756,0.29046794797292647,50.0,1.3020259292298153,0.20426095667735042,0.9175345289758381,0.965171858052309,-0.738345206555489,1
1000,41.15827300801783,4.95485051814396,0.2710985313009432,89.72050899130261,1.4755879573498971,0.26500716838010446,0.7666581451697406,0.9481746218801083,-0.946783929967656,1
1000,58.03986851471517,5.0,0.1299621079543807,89.42792231620093,1.4642670009093872,0.21939959543625936,0.5942367505984023,0.8655294491346348,-2.1579040758378873,1
1000,56.154997830267014,4.503801471891435,0.1673686733203509,91.42242400569299,1.698905412260979,0.23541656225458898,0.592640784528177,0.9238939476836305,-1.2839384028602694,1
1000,51.04410428509963,4.998274078158855,0.08647662781408717,99.51289467492771,1.479289467084859,0.1547176416657364,0.49240297292309343,0.7982570483693009,-3.6725250891092585,1
1000,73.39925109104736,2.633125671816732,1.4301041748634569,80.13381545041966,1.4386496040272114,0.22242957975497019,0.9026272512330499,0.9970496780579459,-0.20913705922793424,1
1000,37.567447469768226,0.770098780622312,0.10883980687083424,63.26774288108509,1.1719122288966592,0.15054391555375293,0.8936933959774034,0.9573005399210518,-0.933993168397783,1
1000,48.842341344872466,4.3618229988648265,0.197896460858241,93.00483162527095,1.4149901019421287,0.22822825370582847,0.696525032415996,0.925937213413036,-1.131206027928679,1
1000,15.0208821891448,1.815919217495708,0.3494274363699739,60.5686132996382,1.1905073942574078,0.3193306417144549,0.801797121813704,0.9669407717149607,-0.7526092244964327,1
1000,12.886154811852723,4.377967279206806,1.8284823089752242,75.87899501337148,1.5501235909259887,0.331914856796306,0.9540656802449745,0.9954912351088382,-0.26003907169601814,1
1000,1.0,5.0,0.22269937226336745,84.86067646627777,1.1646878406793635,0.33263346254029447,0.6349699144986545,0.9193015854733976,-1.226008646257815,1
1000,64.62050170118627,2.2973421223033035,0.4696794172357883,96.2422439806935,1.4871051475130108,0.30991839668231363,0.8942655782424347,0.9852444675498255,-0.4900037833790494,1
1000,1.0848024114120582,2.2598420460800344,0.9269755618158041,53.09317551638085,1.623462727165796,0.43427485732962334,0.9024128155946737,0.9889167029051852,-0.3913966499348744,2
1000,94.0769597045966,5.0,1.073949441357481,91.4835639636903,1.909625537300081,0.37422730992024267,0.9592953855975632,0.9917597326028055,-0.3597051277017379,1
1000,1.0,4.551621798223864,0.17112110968128555,95.43289032233258,1.6389796237160654,0.2747792092267147,0.448630054825629,0.848087609728362,-2.138758983928486,1
1000,56.33794976804038,5.0,0.11756530580135056,88.69932973505774,1.4484205594071666,0.15422212494713788,0.5497943009358075,0.8540914576682286,-1.915382106047849,2
1000,1.0,4.247519258629616,0.339908713863324,77.41980313291347,1.1021211452281683,0.3328900399839221,0.7724603452994145,0.9550991114686147,-0.8142167362510617,1
1000,58.29802622502245,5.0,0.06285974046287131,100.0,1.405110534954071,0.07951589296814618,0.4821438302958065,0.7175117992469902,-3.780726646579494,1
1000,47.80012568638076,4.373817448815022,0.19524724989962602,92.64029550997485,1.4117041834013724,0.25691511123700794,0.6688351708848741,0.949919311635182,-0.9662759424664511,1
1000,16.447859660687147,4.37899037388579,1.943390903044226,74.92732346037552,1.5853693561307545,0.3969248230103023,0.9017952947988993,0.9946266120134973,-0.28150750664770463,1
1000,59.53111890943247,4.51103940807097,0.1530464271723261,94.79665588261739,1.6565867037594244,0.2417557578966772,0.5888326594887829,0.8792037755466555,-2.1295235999590285,2
1000,76.85549329519118,4.865476745300055,0.18610245755233726,89.05562296196803,1.5679083981936974,0.26077316456364463,0.5656375212891388,0.8746499717928959,-1.8584914058669262,1
1000,42.447288997198704,4.75769808510522,0.4354802173972621,88.48765595405246,1.6961108074699776,0.31466551721379726,0.8220628715575199,0.9564767064688913,-0.8999036588103987,1
1000,61.09580031915267,4.515339350107636,0.15357083935072646,94.89628071038166,1.6449572535447947,0.25611247708243523,0.54927702661289,0.8776820127419503,-2.2796741651209884,1
1000,45.98562579580904,5.0,0.13723214381272913,100.0,1.4860564081504313,0.2186497367399321,0.5440300545876964,0.88567614692936,-1.5836547934711296,1
1000,60.57013593345451,5.0,0.029652410871664876,96.98402510942884,1.4105547020753724,0.01775340799938416,0.8987094888562832,0.5944499395962375,-10.443591638629234,1
1000,52.94974654360864,2.3150739316855113,0.47659023505164355,100.0,1.4913648490844533,0.35640862769895404,0.8043835111188774,0.9674424455837192,-0.7708241299891522,1
1000,47.425316743996554,4.382645871231572,0.2874310220960869,92.6152171274403,2.0,0.33855123719375274,0.6807432137276005,0.9486013860751177,-1.1425052334093118,3
1000,59.502195131306685,5.0,0.1292194597756304,98.6783805752317,1.2235397181507979,0.19156299441181257,0.5849072378212616,0.9165214023336606,-1.277042836473811,1
1000,67.19750192664331,4.518540472256257,0.14553350766142523,94.39017300170889,1.7409617017070653,0.20349958339437244,0.5613340936488412,0.9028805568032681,-1.4685867419624825,1
1000,38.63759942671555,4.705400632131101,0.34622783351745884,89.33059599162502,1.5964553925190665,0.27740598766982644,0.7674551834221803,0.9786349038447503,-0.5944436560960511,1
1000,66.6606570630469,4.269380497948718,0.12549213540195486,98.44130506881866,1.718992163995048,0.2170119171956536,0.5048532879476648,0.8512143451078851,-2.8712793486012864,1
1000,45.328655025526174,3.2131049555867883,0.19307820101182058,93.87602346227173,1.6411885305515665,0.2687308559177672,0.7674822100131291,0.9337671801908011,-1.2076098790905372,1
1000,45.67860190344177,4.214506554866234,0.13711868057308654,89.82094969755073,1.457628053358401,0.21247912475647804,0.5426753293189197,0.8505977549954576,-2.4217711848768975,1
1000,55.194183054298975,4.690280039673379,0.13977794074144614,95.9749039905997,1.7026518027250925,0.23753143365499746,0.5252390146979928,0.8848284125723398,-2.017552017787627,1
1000,36.84770677649717,0.5420519275692205,0.010564835057881744,61.1748994048895,0.5,-8.505257582047389E-4,0.9361304298541815,0.49166072895972857,-9.436810201898618,1
1000,42.54730804156502,4.359412234072587,0.12218507871269996,90.30559122194404,1.5013561268515603,0.23490013862757667,0.4959936845218059,0.8588027316603324,-2.4987466975891506,1
1000,58.282786039007796,4.7223047208775855,0.06893098109322102,91.49444542853391,1.4137159065612683,0.10025882076132833,0.493607724224964,0.7737720060424544,-3.4555389899835984,3
1000,48.51737319560663,4.324290152443991,0.518248860710354,95.57386141313859,1.667392568647788,0.31728200658230055,0.8381267632460155,0.9821797679888349,-0.537254041268263,3
1000,1.0,0.01,0.011362726329784377,50.0,0.5,0.0013201152373704087,0.010201908229920644,0.0667244717379537,-25.175957220864817,1
1000,42.582807271586255,4.342767625896332,0.12065538684354102,93.22918947495846,1.5010165474170358,0.1843940466541118,0.5594049142679711,0.8251500832795939,-2.858939327239403,1
1000,48.414126431868304,3.7034795300193255,0.07051510191404295,87.06274327621064,1.5097668411107414,0.10662983854666244,0.6022773652715651,0.7693919743886566,-4.149152890563949,1
1000,58.96326123835779,4.965790566510194,0.03027721108084025,100.0,1.4176589608982573,0.019740978324608624,0.6455160749310844,0.6042245388613373,-7.686307986696884,1
1000,52.26193806319808,4.6214820561788725,0.14719502092745404,95.30519424963725,1.6128052931247958,0.21539942975535437,0.5683917266419671,0.9116517254544056,-1.3562186233147642,1
1000,25.88108885409572,2.041808327885848,0.7912409099076192,51.273976956134085,1.3005627824740582,0.26023229329919123,0.8802501849674356,0.9930347949601874,-0.30365782979088213,3
1000,38.84723503119923,4.244074433022272,0.1354937713098841,90.28245150906514,1.4934101325485045,0.21931536747489785,0.5764042698298536,0.8894459033270775,-1.617735540608539,1
1000,56.83044866322979,5.0,0.06735715934578552,100.0,1.4057923052320183,0.10902423593776847,0.4835280017818819,0.7744172265568181,-3.705656941652866,2
1000,40.695134229966925,4.5578666835470445,0.14069562338427724,63.99569610278915,0.5913824917176004,0.11069034433130683,0.6337306408301302,0.8730078503105104,-1.411197846181911,1
1000,66.98271768145027,4.603712428286248,0.14460362232014493,94.31986850168715,1.7233460640759013,0.17306353368046246,0.6184536761758903,0.8601272695751616,-1.8314304743192886,1
1000,47.85751583286889,4.378358066766168,0.1949732097554601,92.64703249747788,1.4117005916374807,0.23790202934558716,0.6368988409775428,0.8882224093651538,-1.7111501279472714,1
1000,47.94284272637404,4.198684716842584,0.1492562721802892,88.82818771945296,1.4580720008112629,0.24043649779626308,0.6730315171172118,0.8913303542538229,-1.7710840761137328,1
1000,1.0,4.550711618926601,0.17057248729177835,95.41217477091044,1.6344593448202243,0.2897625467187271,0.5417189684304564,0.9092926633869473,-1.3384544089611192,1
1000,55.65313440174222,4.235234237544524,0.1906803381382167,99.58249351825424,2.0,0.30061886376402003,0.5363418721033232,0.9063906418069,-1.8192585175100962,1
1000,8.454354818736778,1.7404453158690079,0.01,100.0,1.746052630131085,0.006102422003705803,0.89761892539345,0.39852894774088765,-23.220226817772637,1
1000,47.80012568638075,4.373817448815022,0.195247249899626,92.64028803239695,1.4117041834013724,0.24988325238447057,0.6728595607632186,0.9501379281274857,-0.961673176055292,1
1000,55.844032636279074,0.31812705404778463,2.0,100.0,1.576734663957816,0.3381282544189045,0.935248342481049,0.9995807776317953,-0.07347789261471954,1
1000,64.00693098049152,4.418817737803078,0.19221310443204231,88.98512043752223,1.3968127396214,0.25164690231733744,0.6303923184630286,0.8996433089738592,-1.65864317590565,1
1000,49.48365144749875,5.0,0.5997430495380256,100.0,1.302767548850665,0.32938323896288113,0.8445124345173542,0.9899678102722901,-0.39492553427156035,1
1000,58.12313737513188,4.548101471320911,0.165338120471368,96.04028863098587,1.6980616824769297,0.20820193857753003,0.6408588471331051,0.8567023060038466,-2.244668101643637,1
1000,47.57540070484619,4.145689126082825,0.23385038726024365,95.98434770247245,1.437405696744953,0.29799294384053554,0.745073600874793,0.9299529942161103,-1.1488500409336297,1
1000,32.429085318243274,1.680691588417565,0.3026474068676735,50.0,1.244261449275732,0.28329698899099165,0.7838016865789453,0.9528198384787061,-0.9179568491110286,1
1000,52.24708550191519,4.605646031134423,0.14721617527647152,95.28956238297758,1.6149444275791025,0.2539538617767877,0.5546778121585686,0.8983136222511814,-1.9270211677005595,1
1000,58.799879041936514,5.0,0.09982988231266056,100.0,1.4033265418113197,0.12330079575392558,0.5311974393729794,0.8039183428672971,-2.3705194453440246,1
1000,18.195523293297665,3.872325322270926,0.29548328846919625,89.10929070125283,1.4862299192777275,0.352646008954689,0.7348597717048548,0.9659000895081381,-0.7976642914273402,1
1000,52.29387621860509,4.522697520140959,0.16433052013419974,92.25401274165448,1.6286168654704305,0.21942569401031675,0.6708444322043474,0.8614536553626689,-1.9440929623937866,1
1000,27.079575403926604,4.656903195607344,0.10187542811736451,79.32186845695372,1.6549450208029741,0.20228711615603048,0.4531069395442359,0.8343340522955164,-2.899088249673702,1
1000,39.03823430003766,4.361666919301399,0.2688706758261771,84.78379996541318,1.662666306429483,0.25684894458730784,0.8537124296686254,0.9221680428154125,-1.20132843932786,1
1000,50.95973219225651,4.812747725298487,0.1618731852010171,91.02022949620225,1.568342127393531,0.28221127630099196,0.5388741650482962,0.8843752676591277,-1.986198226433139,1
1000,1.0,2.0209559260760117,0.8141709625320005,50.0,1.6841223528153397,0.4554011495738859,0.8843536773875504,0.9867544978971506,-0.42759938106975554,1
1000,75.79955580362098,4.71907208279801,1.8760813034854265,96.21617658914582,1.8824274322682524,0.24371232501651596,0.9590511877314658,0.9972338727430569,-0.2028483334732616,2
1000,50.44539250196061,4.441607662354874,0.2043613806054322,95.21951037335187,1.3971125892194307,0.26418473195180986,0.6477078277261605,0.9312510009517603,-1.1094185994641994,1
1000,38.88743670479187,0.6921721816419579,0.32581095527133336,50.0,1.2714991826017499,0.18837531197535945,0.8722679424352601,0.995155293230289,-0.24162923084901455,1
1000,16.23542854938281,4.37747024970539,2.0,75.8338590065161,1.5477135378289775,0.25867832165306853,0.9634702352882972,0.9973342375185584,-0.19947950741977244,1
1000,52.36435334647931,4.514945277731183,0.16057680482729522,99.54095639427976,1.6256532142289841,0.2679215034483138,0.5402873449665105,0.9057393433446655,-1.5671045129610428,1
1000,58.28511955058648,4.753811229955864,0.07266791578273855,89.2871425469833,1.4664937072120248,0.10264235659288101,0.4808065602366478,0.7902347669092481,-2.927372758715185,2
1000,70.33400453417306,4.765868919102448,0.15623245923753745,93.9174021894052,1.3963015107989292,0.17595148404273458,0.659315092490777,0.8631501585493045,-1.8712914805707683,1
1000,17.731868106513343,1.8487098196809213,0.3503492524665472,60.80092396866763,1.164398567032583,0.2565404181171308,0.846777487673021,0.9801889473606296,-0.5462279902161702,2
1000,1.1983388650890452,4.551101200311421,0.15881230473539518,100.0,1.59724753163158,0.2877807329258996,0.44289935180681145,0.8544702815351581,-2.127987918672453,1
1000,51.16794410077265,4.258694149204122,0.18994476526869278,99.71241066461114,1.9818583419191094,0.31795762349264256,0.5658038017018019,0.9156365254725033,-1.7807184942259497,1
1000,78.57901632249614,4.944233121454044,1.7621780722694824,90.23438785898145,1.9828301634068444,0.3335369379310389,0.9180988495401649,0.994762535897714,-0.28178624742800334,1
1000,53.508700209802974,1.2403873170754454,0.8782753714937719,78.40306717624216,1.584674415418976,0.2676154049513321,0.9082609530784121,0.9956156892729104,-0.2392870590449223,2
1000,43.126449366897454,4.178090489760881,0.45076034636659845,90.42161438529567,1.4420709526722353,0.29633793814405435,0.8605483173510486,0.971981367912384,-0.6855212791236924,1
1000,55.243064483510935,4.344673013331095,2.0,95.70812955356277,2.0,0.20911612298734975,1.002250699891788,0.998097795397579,-0.1744819711206945,1
1000,69.58472710990397,4.820254373032177,0.051444139511104624,97.80062932971862,1.396211487216223,0.05837099177924622,0.5999234515476899,0.7177336127722697,-5.073612645802098,1
1000,43.92411426065161,4.951928665793925,0.14378197486066926,99.0010962802327,1.469116856387743,0.16468948103077283,0.6060115303130341,0.8197477371408763,-2.426325731852886,1
1000,30.795245956425415,4.438523382361536,0.09537841272564482,89.96688110763243,1.616444227544673,0.17744006727927528,0.41608712304549395,0.8389685662903749,-2.162248657078458,1
1000,9.142312932785833,4.520419728451544,1.9629325608545771,60.31342379686298,1.6072422393998376,0.41370388853687967,0.902892212131452,0.9924983089105612,-0.3207580520692363,1
1000,39.37422504865199,4.245603441995187,0.17968517673499165,92.9325871187868,1.4909959591142683,0.27782784225931545,0.6511994550949619,0.929054393428342,-1.3393582231212222,1
1000,37.815228355206735,4.7327600394266165,0.3681901463252259,89.38035868361185,1.6539210267350928,0.286587538472414,0.8049046824636975,0.9739102087011533,-0.6581990836923004,1
1000,58.199671466190786,4.843731132083111,0.08495257732694969,89.32346861611386,1.4657967871385706,0.12766874312699242,0.4966711063519673,0.808199629095691,-2.48460442807024,1
