evolution$generation,correlationRange,centers,maxKernelRadiusRate,centersPopulationScaling,width,moran,distance,entropy,slope,evolution$samples
1000,1.864118469459116,1.0,0.01,1.501563113153928,97.69202388665634,-7.918955321698465E-5,2.1378567662346723E-13,2.368316278285662E-29,-68.93105313993777,1
1000,2.016978050517145,6.671816655550372,0.08563676995818933,2.5159866047493273,65.0126956665939,0.03647357607030171,0.5608032387471907,0.525051304518091,-1.0469570799531296,1
1000,2.077752939497024,7.227186131867342,0.07301033557169782,1.8752797062281183,62.63794966396845,0.04988322279960086,0.5238788215760218,0.5990557052107511,-0.9590029696397078,1
1000,1.091332933693805,8.136278120881538,0.11592190138384371,1.6282192697231814,64.64446672554807,0.07670138209271517,0.48712526263311745,0.6691969746842861,-0.7755292980228572,1
1000,1.46532235031092,4.553535326939117,0.40516615057470906,3.6049023875917254,51.552874660355904,0.11743006034128939,0.7186896353071565,0.8150934418460288,-0.4938630457124923,1
1000,2.0855094506661795,6.871384100161881,0.09710944658413445,2.0733996277501228,63.16967857440064,0.07750322830871302,0.438414327180308,0.6453239981998068,-0.8295440204745744,1
1000,0.7638235540879565,2.8036072294047534,0.38203703135046807,3.465544216482342,79.08503055797543,0.09979218565607285,0.7328387591869737,0.8578265766221383,-0.39320355454691386,1
1000,2.0312029141346293,7.168809866662138,0.0892513427785514,2.0446450201795145,62.59994089905507,0.052290104409193336,0.599855378899692,0.6070073928789494,-0.910884921162367,2
1000,2.003840929077722,7.171763798983207,0.08962890942038271,2.145274403678234,63.56429303518979,0.037691758757673055,0.5259253966434184,0.6122422644377346,-0.8754932028638162,1
1000,2.1741813468967144,8.187588958476994,0.031138268214304037,2.6124052592630864,61.436928047366656,0.013730881848256367,0.6412582005822353,0.4063761671963661,-1.4509295242188012,1
1000,0.9445889353829127,8.775442021263519,0.010462481093237132,2.4498229476054534,73.9690156003689,-3.924427503807583E-4,0.8727960680190501,0.24901559499399512,-8.867762733105407,1
1000,1.7973030219769093,9.660310447763688,0.01,3.694064446722158,62.96883575089717,2.735468910946371E-4,0.8237680046447255,0.27249560694136493,-12.774942409452041,1
1000,2.103814332941339,6.41297492841939,0.062313874942935735,2.429312216217934,66.09850292253262,0.043674971897293705,0.5727645280366325,0.5298135760908893,-1.0924850997255617,2
1000,2.111203713632037,3.9468459162475393,0.1030501716908913,1.7019663241563034,62.36062064395862,0.09484270232117627,0.35286289481672195,0.6446860430413507,-0.7977539486546623,1
1000,2.147286343797916,10.0,0.015905466540600557,3.1115802334661984,61.585661314087844,-2.0763540831185675E-4,0.7738941864376807,0.29401322160999055,-6.824870296221951,1
1000,2.4242450703430354,7.659474733412734,0.8207187535718105,2.708615232753223,69.66787992196421,0.14837810420990924,0.8131432002412876,0.8889857195486907,-0.32804141318470464,1
1000,2.796850743881292,1.0,0.11578985039104898,4.0,50.0,0.10431294182117347,0.28880320693332057,0.6271886657769061,-0.9567891700707997,1
1000,2.094996321974221,7.676171526226784,0.820912661510515,2.456587717148381,66.78446900262549,0.12660907750781897,0.8423773267828646,0.8556678521991716,-0.4143821269152175,1
1000,0.5015838886242031,7.166326622575799,0.04798542270954625,0.8776259949898998,55.438900371706964,0.022911086598496888,0.7627647778624411,0.5254204521874087,-1.0730460638073869,1
1000,1.9570969462647596,6.936424328511129,0.06364609059059066,4.0,54.932782745841855,0.038030602603287215,0.541730108938323,0.4738832300206873,-1.5139042239498515,1
1000,2.0817770274590206,9.912461020104207,0.0734593847454741,3.97023830264536,62.73344976815501,0.03864012764405485,0.38852248014697494,0.511081921697349,-1.1553538095372045,1
1000,1.9446455875504076,7.478728006586762,0.01,2.702012179968934,64.6004333421406,-1.461095960403921E-4,0.8282819255367636,0.23999904845473555,-18.185046832741676,1
1000,1.018435961149087,6.906702691538598,0.32417488346919854,4.0,74.08900200782277,0.0924618591597076,0.6491655387728911,0.8234807081832126,-0.4463635554085178,1
1000,1.105358344453438,4.556194059208053,0.46217550950053965,1.9076388773317607,63.221413296843835,0.09043418297968168,0.7439109165235747,0.8904207512706322,-0.30759414204877233,1
1000,2.156476929172457,6.552240039011224,0.02716256061500015,2.474883457018048,62.195030801273255,0.00477734708683836,0.6242734461187952,0.3249589460391047,-2.607577958845342,1
1000,1.9808464242270936,3.4412366293825793,0.01,0.35177585353375795,76.31650286682367,0.0011937561396639109,0.5976213934738519,0.1840537346413804,-6.746943487907488,1
1000,1.9339040424160021,4.165654499434133,0.01,0.03132872895981385,72.0044333057182,0.0026215938447416345,0.660926753878637,0.24992362580401006,-4.939608265947085,2
1000,0.8344554136004629,1.0,0.4414966449146929,2.7470649952903043,65.81867733271962,0.1668725946913518,0.6739059279454489,0.8626651096629464,-0.42514016308094144,1
1000,1.1338899632930362,8.704326266613865,0.29134085807146176,4.0,74.99584077276529,0.09478685902912966,0.5789312677862314,0.78430333527546,-0.5510258939660319,1
1000,1.9017078478492135,8.644668276406637,0.01,2.3988926214054818,59.08635746959793,-6.54731499259659E-4,0.9420060180154008,0.25498742452855144,-15.952249548821003,1
1000,0.13054740888735064,4.064782313282334,0.01,0.01,66.93534100258724,0.003032174437252389,0.5391483286297929,0.25354450130319617,-7.309713858156249,1
1000,3.2983838132745364,6.181674107652194,0.3478875482170984,3.385659746144776,60.39079050290411,0.1070943544511677,0.5914307079093392,0.8208420249350553,-0.4992006004563221,1
1000,2.469439402260741,5.63392156219147,0.7919584997860866,3.551028599382381,76.17518903513216,0.04351407916111038,0.8910719881390226,0.901624144228769,-0.22661978639751032,1
1000,2.15425741301608,6.136436649195821,0.01,2.9404484448708383,82.27095336954939,3.839207650490433E-4,0.5928294903397794,0.22367593169458008,-5.767444649471954,1
1000,1.7376179669657899,6.989702478480384,0.01,3.783158854104539,62.494758731285906,-3.5948848543444794E-4,0.6427314881795745,0.2170706478233295,-11.406055288396795,1
1000,2.038300560519754,6.471782218485373,0.08506092103603026,2.6119716861042623,67.78138342112068,0.046301762227625116,0.7045414661726062,0.5701473456404793,-1.0696530486135838,1
1000,1.803887018570335,4.208742555277082,0.155934859295067,0.9477644699651007,76.80531917937341,0.0888614225716812,0.8306825142480986,0.7985163790495671,-0.5740129488452455,2
1000,3.9724257785843986,6.453607972825166,0.33196246091111026,2.6080942111362626,60.76104735156388,0.06989705396896359,0.7392306533727154,0.7982195239489386,-0.4790978418247041,1
1000,0.01,4.8233509782553865,0.01,0.01,65.64962329769656,5.850733756192809E-4,0.7882756183988935,0.1968942057260951,-12.619903415499131,1
1000,1.7428310209893803,6.89261308826966,0.09266377766014748,3.6595103898316945,61.59382386091641,0.07074982238984148,0.3928625386330624,0.5823144359765041,-0.9177006806862581,1
1000,2.946501845323335,3.4420359796404933,0.344166102752483,3.12519665195644,64.93936630543865,0.10622265157317237,0.7080625092463986,0.7863243119810395,-0.5609460882958407,1
1000,1.230991219430161,8.939769283856998,0.18909253992181743,2.7372774742003156,80.53141956606058,0.06661607711251755,0.8245296171814434,0.7041249293106294,-0.7729107546781689,1
1000,1.9468740038116248,8.485919650771205,0.07736689821847414,4.0,57.78051121235539,0.042898176019231474,0.689611270363541,0.5088925560567349,-1.261597539605739,1
1000,3.3632681554899935,6.671435466453545,0.1936932818994622,3.1169534029579467,67.52898518862627,0.10724036236162929,0.5262203728808574,0.7248651341021176,-0.7323154404440387,1
1000,2.061754755038618,7.379052416911251,0.03664195524726935,2.136506117708333,63.56437060921418,0.011059447045909495,0.6911379109470901,0.4065975699165386,-1.8581619697801783,2
1000,2.0025543261052436,7.34086762021061,0.08859849564247721,2.1903445504083603,62.63512774556517,0.053903949949342625,0.6112653570336081,0.5905220756634926,-0.9784712945184881,2
1000,2.1489486959034836,7.348241977356661,0.040008287218194265,2.308660252761232,63.75425938820685,0.02813306150421044,0.516450512556907,0.4409052483069496,-1.4636520942010083,1
1000,2.0189196335278665,6.659872878599374,0.17044608977225867,3.362297438262877,57.26215334596212,0.10119838698679956,0.48441430544462916,0.7006938537333212,-0.7041527022293449,1
1000,1.994884900726959,7.056745436798173,0.08166041884711667,2.4673094743381965,83.69676473152678,0.05473179676998073,0.4648403362623965,0.6182535713492758,-0.9910265118891383,1
1000,0.1060680873928284,1.0,0.40689483330457843,3.451487519416061,76.70658446096363,0.15501238004938858,0.6755272298230528,0.8844380370356397,-0.358001723941761,1
1000,3.0767936642920573,2.8502314523622596,0.2624946828502769,3.902082452138792,64.85392170230035,0.12037355715021905,0.5124363236032746,0.7499082071289076,-0.6635223797321668,2
1000,2.993026521537825,3.5883445974835446,0.3461494803342037,3.5539019862104206,64.93673298410168,0.09582802500827897,0.8397323801604623,0.8340866145348842,-0.4644153571373331,1
1000,2.114614202718457,2.668979041726059,0.19614848052769412,4.0,50.0,0.11757557657195945,0.5662720489588824,0.7212682328974085,-0.7696768547588513,1
1000,1.8704312550233313,6.687850519929985,0.04606041949434935,3.719769205688962,63.4236605041789,0.0155740753529524,0.732364462101875,0.41012354224039393,-2.0537936979953306,1
1000,1.992652313673858,7.080929796518961,0.09000386003492668,4.0,63.19672211545271,0.04943169197698922,0.3317057502846517,0.5720584759871343,-0.9985928480180897,1
1000,1.5625952477222662,10.0,0.01,1.9057486488338133,57.3410516015908,5.76162130504105E-5,0.7973903112021411,0.2925188415913337,-6.009628014754596,1
1000,1.6515546331039626,6.802753328949327,0.01,3.8725642631781265,52.68051712935935,-7.167643941574468E-4,0.5882156394398947,0.22677476798481036,-22.37732669908574,1
1000,2.122725499247289,6.174588622383871,0.12229640155811192,3.8899019146831706,61.897366257465244,0.06786710441785725,0.40709813226665315,0.6332943096341295,-0.8863691767808919,3
1000,3.9987213473719883,1.0,0.08642023821445823,0.0733659093355083,78.73004139019429,0.08795121576534808,0.23115885875563566,0.6135121289854769,-0.9783194420498458,1
1000,1.6082822897600817,7.280483881183285,0.11493408413620851,1.3698820042699928,58.137582552698994,0.05523712001296376,0.7512372587879255,0.7023177678918023,-0.7891726260015844,1
1000,2.13116218238981,9.803149377302876,0.07286028616315426,3.0465159283831906,61.548725059060445,0.02208750229592061,0.6196315465239349,0.4661389859577625,-1.163279863707493,1
1000,1.975822068848314,7.442114920420608,0.11807133598158838,2.005551411633394,50.0,0.06980539102621065,0.48104673603652087,0.6595458366194515,-0.7422784196576515,1
1000,2.6857435574320565,3.7217563895599186,0.1944606226282738,3.364969600193581,68.37064006353862,0.09500279446544775,0.6078195516628692,0.7721333048392177,-0.6214891539241851,1
1000,1.9542651874957526,7.4270226892804,0.06587941874511606,4.0,55.003064926412684,0.025511371849341442,0.5421419736438408,0.4624458701345301,-1.4000608037367592,2
1000,0.3503710150020475,1.3976262080864708,0.33965633633864395,3.3611385461160315,67.94137336270002,0.15319494426961805,0.5965562423251067,0.817820942301284,-0.568171421502787,1
1000,1.932856441475894,7.512530917491503,0.06367319413647912,3.8666275265056314,57.12759630719457,0.02297871803224148,0.6758299889542277,0.42540816723954483,-1.8175333881441806,1
1000,2.085523866793048,6.870660472045143,0.09888407684385622,2.045241048972334,63.26033418244549,0.06617969863438433,0.47285887416312733,0.6605203205395311,-0.8324413178253462,1
1000,3.6050799111985854,1.9375742222875343,0.8322547274538811,2.922773086304556,77.65547803454606,0.1428960703156915,0.8222820876394972,0.9066720235316715,-0.3068139842689916,1
1000,1.8410256501132423,7.02499415644661,0.04409781428474949,4.0,55.17270906938435,0.00936656485076072,0.8099561328943837,0.36273278750672,-2.0389902856695876,1
1000,2.066168156141146,8.631635186748477,0.07462439909763043,3.8617596058743717,59.69942075325943,0.048019574126567814,0.31980092830733764,0.5339719425196227,-1.1640177901776514,1
1000,1.9741609392415682,7.205857385025128,0.1662494342770771,3.3848717931848045,50.33906346613627,0.049648776309479364,0.6331841084943719,0.614968882958839,-0.8101178286927536,1
1000,1.7820236175628097,1.7750905430327957,0.12357831232349162,2.475956861869616,64.60723988891054,0.12527131139450465,0.2938527446572993,0.6705014440371033,-0.8547360857002693,1
1000,2.09500379115974,7.213162060997199,0.07377498289761167,2.4628441401527628,62.48015304664173,0.06264677770089173,0.43499529110946045,0.569788457725865,-0.8305381166818754,1
1000,0.8978833869553886,7.247745212249493,0.3288776175427524,3.961861094993069,73.31365518633373,0.10322605578320597,0.6717665781701815,0.7900619124203003,-0.5417123051824765,1
1000,2.109059036444108,4.086413548407682,0.10614944931061593,1.545859495992474,53.43325775539277,0.09554779929462125,0.3120435395053391,0.5817281622906391,-1.067761879325081,1
1000,0.01,3.4443574600643876,0.38935311143328827,3.6052648465778985,80.10237219047048,0.10377684611304704,0.7727843736837785,0.8274664192529018,-0.4445504639559501,1
1000,0.8836524733850271,5.473768664367458,0.14903746000049536,1.228499105047071,50.0,0.08777117488029497,0.5967174498320246,0.684927878274915,-0.788244632599561,1
1000,2.1595162317404824,7.932522306078665,0.04317889391308766,2.1453640486858547,61.25534756022164,0.012590528876405991,0.812598705727602,0.43135908093671804,-1.3757529557373553,1
1000,2.0001112729372084,7.251749083569192,0.07783529778986034,4.0,55.188615702476994,0.04484273110880062,0.4236786700547184,0.5335735068086136,-1.0941688312121038,1
1000,2.5819307859747247,9.433194625611115,0.6786807070736358,3.6893287863732924,74.20828563800708,0.035454669265705695,0.8611497675301916,0.8877187570577102,-0.21822911733917333,1
1000,2.029467819284877,7.171227409240305,0.0892500942382329,2.0440985748980465,62.629284222115764,0.05593760683980001,0.6380984895498529,0.6226896191393307,-0.9289809073558535,1
1000,2.120515982508529,9.808391461595509,0.12145524213335158,4.0,64.90829805795408,0.08628743024751832,0.5259432396502435,0.6573438653270731,-0.8942479586734327,1
1000,0.8045388416661008,7.7641795187782465,0.3819846134267267,2.761803947910251,80.47529122601293,0.08135409384214526,0.6921889811258027,0.8467532326843115,-0.39557829746833423,1
1000,1.9477345192393207,3.17806557012104,0.20216240401616903,0.6870067192166406,75.24661701245245,0.07327958433834371,0.9026101960694907,0.8287869840806115,-0.4875375835486207,1
1000,2.093244968655447,2.0437839815469636,0.03572178385072165,1.593185008914288,77.47114661274327,0.03245013267037531,0.4101075371981241,0.4342855934150513,-1.4366340677931309,1
1000,1.9281976081930958,10.0,1.0,0.01,75.03906024722643,0.11475270707480853,0.8874904787058246,0.9827759768549176,-0.08431438716198833,1
1000,2.8624893070807946,3.267661808551616,0.21671622552106434,4.0,64.94403165820367,0.11568866165917194,0.5635395502138364,0.7403823463540364,-0.7133561464180208,2
1000,2.144523501527665,9.650056838522929,0.0743248818043562,3.0753400569319194,60.86364048465437,0.046668762566395995,0.4677553382114247,0.550795389530701,-1.12690076126631,1
1000,1.8744952409862816,3.179170568945049,0.038948691521685355,0.6151838020486012,79.16207560384173,0.04004809061318121,0.40973358229457146,0.5306395427214023,-1.1907953379863994,1
1000,2.557381793244926,8.049870655815571,0.027386403126210095,2.6323994155677055,65.7720376063936,0.009194704942041403,0.4967532403954844,0.36761679816111903,-2.0772677621041367,1
1000,1.9266688138222026,1.0151551735389734,0.01,1.4678005060746038,96.06522166199224,0.0039053034741707584,0.019409373551440595,0.1396175806598402,-28.7309256154401,2
1000,3.225811838603659,2.0340567429277603,0.6016482650164302,3.324037310566754,73.0421522098642,0.11709591628325658,0.7871349568982613,0.8896318800479908,-0.3186082939424079,2
1000,1.6529600471336006,10.0,0.27180202327014935,3.4921458282343636,62.278836965330264,0.06131889679229119,0.7553375238732504,0.7436254118946289,-0.6335943669616323,1
1000,1.9135361204254735,7.015360286092275,0.04916635297198736,3.6768951971711163,54.65524210679439,0.019996646663171067,0.4361675173582883,0.4317040725030404,-1.5755956172710923,1
1000,2.1446980082161295,10.0,0.0852544614186587,3.191377518403584,61.09400225229581,0.04103161142302206,0.6333774075522802,0.555386862779884,-1.115547610249278,2
1000,2.1510196653108054,6.47128218365938,0.035447665934902346,2.542368127342415,62.19510867352026,0.019436770030893093,0.41563287966468687,0.3959701332155437,-2.177886304755586,1
1000,1.972660840907826,7.232447414821933,0.16534843612855482,3.401776591951612,50.0,0.09428614471646736,0.36465981057380026,0.6189522830295489,-0.8001114522645544,1
1000,2.1744701149717995,8.233074243008428,0.09883487745393546,1.6693607133482233,52.994893056168905,0.05402457872447737,0.7880592765689902,0.6621113042836868,-0.8242621492810739,1
1000,1.981704563023599,4.566885932541698,0.01,1.340287559337195,66.97691794507212,-2.3173147014968684E-5,0.7418650912964958,0.17462281346545583,-24.096432065627553,1
1000,0.01,4.839863494896585,0.03796090434092793,0.20629875603077175,65.64456957250604,0.05350708466525403,0.3824973120489602,0.5507570100787347,-1.1617007155040056,1
1000,1.5627679358573099,3.256589688876732,0.01,4.0,50.0,2.969782633605377E-5,0.6816976580823232,0.15708818442807496,-40.07194183457551,1
1000,2.156692275517852,7.7752117179670535,0.0487097893043669,2.5043080908296367,83.26566031779694,0.03184072880590979,0.46577296164569015,0.4846681247478851,-0.9648636502039482,1
1000,1.2104155349496613,8.862249663698107,0.1876918181694973,2.781162096885145,83.01552930901548,0.08273594901792171,0.5386762281795456,0.764370838976219,-0.6117184469554139,1
1000,3.245307368269564,2.370260883590659,0.6565333087803955,3.35516315764612,72.26388115233135,0.0739326137595512,0.8374105223630659,0.904797326675904,-0.24271699698966637,3
1000,2.0924704221186246,1.5601262681166022,0.03468876504104729,1.4763892225320652,72.11204360301375,0.025254843771085327,0.0883214151021127,0.3609140166938748,-2.4365038413590345,1
1000,2.773363497653257,1.2897901897019315,0.12083635877312304,3.988376750225825,67.20007994693042,0.08634793460069398,0.29565147723660734,0.6273985890953225,-0.931791411581948,2
1000,1.9779817116279628,4.916457064556459,0.0919399980826105,2.6536816620049755,73.8450121803809,0.057095630510706555,0.4960059737776076,0.6434746049448211,-0.9472767911369815,1
1000,2.147027957989152,7.298346832306877,0.03972201128411604,2.309312770100596,63.85934415175653,0.013765429222242557,0.7199127612758034,0.43087794613182734,-1.4040366927344559,1
1000,0.9613892485900319,6.874240780014701,0.0994716961234853,3.4376541644491967,64.62662649102852,0.08006827208609274,0.293207068973258,0.598641930251324,-1.0315478321201512,1
1000,3.723529248560488,2.346289555643107,0.5841367940072638,3.2536985037030584,72.8613323081446,0.13585080890828372,0.8001296774193615,0.8775323288012007,-0.35365495678086645,1
1000,0.01,6.923200845103137,0.8241410872244719,3.942819295014438,71.70566982508086,0.08730718672129281,0.816568613340994,0.872524291023763,-0.2941293927443954,1
1000,2.291015808851875,8.445142993344206,0.07736828686102494,0.01,63.402962226797264,0.06409865321903188,0.747583499911979,0.7749130039575649,-0.6192149454527305,1
1000,1.6446587788395963,4.756151641778352,0.20749198418879075,0.8669966534354852,64.68440895506896,0.16868837551305257,0.7019903741544907,0.7974358329704482,-0.5936783705310044,1
1000,3.9823562275322373,10.0,0.01673712805117443,2.724523869011509,59.56321601435245,0.0011421232289222246,0.7955685594011358,0.31004381018160704,-6.387190792543756,1
1000,2.727006880950829,3.581258014624945,0.26280783147494885,2.675007071823694,68.57737726710131,0.15427642516616952,0.5294869003825674,0.7592874650078414,-0.7100498169099687,1
1000,2.082930556795862,7.175421263111343,0.0656473319835638,1.7331886419312903,63.213611177270664,0.03845103636887314,0.60056551173726,0.5312175408109504,-1.0977097351679956,1
1000,2.817175470971573,7.7276224568302565,0.10148915231275166,2.297271705921993,50.0,0.05941121202938822,0.4959514490921048,0.6273374830762636,-0.8996569735070558,1
1000,2.01594436150967,7.256406598558638,0.08465112997055996,2.2827074172991932,62.6634321364285,0.047693045385740526,0.5130436322453531,0.6017300649000287,-1.0249365691651877,1
1000,1.02177211226744,7.960391948874205,0.11894555199392823,1.5556725521341597,65.00446768495561,0.054936466037632865,0.7357733584050415,0.6829443336977762,-0.7763731259535281,1
1000,1.7504570799982253,4.880365894292924,0.22885803494877657,3.6122774175505885,63.397807662989976,0.0890090119634235,0.7227866479464006,0.7079962359905808,-0.7721688495580353,1
1000,2.445424613262419,9.867030339921005,0.07572527204734986,2.6031895068831687,57.029639424297436,0.03568455915754175,0.5506995800779309,0.5643424750958561,-1.088789979369993,1
1000,2.103954090965226,4.5024792948648455,0.11066411413595392,0.13035293253399757,77.51086134366446,0.09209496333381789,0.5917394619630441,0.7137457653842921,-0.7507983626145442,1
1000,1.4628469030049138,3.867811880875341,0.4836719587395112,3.8269751504682645,50.0,0.08391902386818764,0.8515843808327204,0.842115936512643,-0.3893090297725285,1
1000,0.012542481795645224,1.8329593341681716,0.4769325250966184,0.9623959624501435,50.6893457506383,0.15922766046769177,0.766014524512621,0.8635785020201724,-0.4074910630860156,1
1000,3.1897637199094833,1.0,0.2911942485747424,3.327125868003152,65.56824719580224,0.14984359755357857,0.5316278186022576,0.7732925904562122,-0.6602094543132269,2
1000,1.8777875028248217,7.428443428990792,0.21203489257922278,2.2353255492594895,66.83300451526861,0.08454144716564538,0.6537631581014054,0.7220652270864234,-0.6648397810886997,1
1000,1.8431364461207274,3.1653379535313957,0.034485095542535045,0.23638538728018982,87.07952778898988,0.03075541393384858,0.5623958621844347,0.5250420096054921,-1.1801720317724542,1
1000,2.127288847269812,10.0,0.07521580541760199,3.035688363907467,61.825314310374836,0.03941379723990524,0.622240605817339,0.5068546881067114,-1.3349963006432777,1
1000,3.00125303068323,7.222238410015706,0.3065256692787064,3.26260115556291,66.923931157574,0.08814532926838667,0.626671571179635,0.799214186892774,-0.4634132413527478,1
1000,1.5809870652087925,8.846125966485339,0.09577341122679775,1.6501426688840442,59.57740982064054,0.04604738402927221,0.6105226490655964,0.562664563652199,-1.039256066522745,1
1000,2.172228260676132,8.043209119057645,0.02555403463675944,2.638175154933,64.04223972702779,0.004835856146602931,0.7799872609767262,0.33291341162950683,-3.2385280178107276,2
1000,1.9134163200524006,6.995912857245098,0.049223236296019365,3.6744104324733886,56.06998161118169,0.016035767024240876,0.602165758317916,0.40326258717762203,-2.1015966686873524,1
1000,2.5605550344404606,3.930707952465001,0.11426318481159348,0.5544320119347853,59.34092031650955,0.08279502438152297,0.6282676380458105,0.725774695316908,-0.6978779236831121,2
1000,2.0215759351876743,6.502815152415795,0.09246609133029224,1.9896412664952,62.35197800241828,0.05713713894944255,0.6509650583212347,0.6407416527533841,-0.8791013850670468,1
1000,1.872308243557864,5.060552537937489,0.034557406702015014,3.6762617989044863,63.43569235346396,0.0139209567433689,0.6368817012333597,0.36599437384349437,-2.581751356727632,2
1000,1.9945067632079958,7.078341817945684,0.08883934940761738,3.9079863956167875,63.24651820879345,0.03566115059007781,0.36710562695443777,0.48593724910819347,-1.1711565899026575,1
1000,1.900061328157874,6.523193265785044,0.06168337402134191,3.428545794564722,53.53327534928801,0.040845989443940876,0.40299403224811176,0.5110999984324498,-1.2964945782551995,1
1000,2.373419068406146,8.271462024166004,0.03973710414817465,3.988737421835562,57.41105229069963,0.00924650554601763,0.8042692369711828,0.39865599450446476,-1.9161536522160267,1
1000,1.2056606950489668,9.22168633332824,0.18117755260064716,2.759250014734357,81.86766042718317,0.05531739970233954,0.7890222947850716,0.6405712898064183,-0.8602435170530851,1
1000,0.01,3.435223934684709,0.3936649728611927,3.4856162631857748,81.11875121395467,0.19803008581428205,0.4960014005156583,0.7932546537285098,-0.5897135015293823,1
1000,2.109638528307342,8.748922483883602,0.05979453673815093,1.5434391305378172,63.663155538311976,0.04429929590295217,0.6072117281647265,0.5823511500240931,-1.0767000772101303,1
1000,1.9543448663522978,6.932701493848706,0.046123406873696225,3.9227614723966013,54.480350877282675,0.021900835292162944,0.5746557062418161,0.436483689302683,-1.5231451397315923,1
1000,1.9191166790538647,8.456394257527549,0.08747801129251206,2.2814175901580436,62.14760004809461,0.044111661443017036,0.7366201449922798,0.578860557197025,-1.0200666429111727,2
1000,0.4166668918661789,7.756758550908236,0.3318402822974123,2.6895686877402296,80.42010502300526,0.06462980722500358,0.7924774359129942,0.8221665087385692,-0.43648463698521955,3
1000,0.6426910866703945,2.4806124383558554,0.5513135607759758,2.7966295702427013,66.52200928931086,0.09129924590197736,0.7405661399449794,0.9000435582500926,-0.278894149006808,1
1000,2.0695010630748714,8.850244725375296,0.02008224727817999,3.5723009664054364,61.645673297214366,0.0020807509083466203,0.7622993847857177,0.3148156253308805,-3.945038718042229,1
1000,2.17141321951675,7.285495150860161,0.09022103285388186,2.334698646492485,65.64781762611662,0.058525812666212346,0.5809739463012747,0.5814141891182083,-0.8499480820477395,1
1000,1.9449392072273344,6.785901912972973,0.06598631587164722,4.0,57.12857063711173,0.024207669057446517,0.3429386461639544,0.43730753140391165,-1.2625415181482562,1
1000,2.027839380463365,6.187385429962025,0.09238201745293231,2.0059444863456464,62.3235293867359,0.057947518094136626,0.6816698027239637,0.6130997211544063,-0.9138341044225531,1
1000,1.655372378143843,3.2474775083681306,0.17544933272296603,2.0255855771480387,64.57532041307407,0.1149451192753078,0.627388099127474,0.7080825394994803,-0.7737329650676193,1
1000,1.9937555311635824,6.967674876454449,0.1367983701082104,3.6976704817703143,53.60373750122856,0.07793996971368201,0.40597921176627355,0.6566827767713324,-0.7955247425941773,1
1000,0.01,1.0,0.4826574791143522,3.7191421590956715,77.52491609550259,0.22987921770376468,0.6783725151559787,0.8785207409743734,-0.4003407031334273,1
1000,3.050170397411195,6.054933057204562,0.36672626887216814,3.445387725678929,60.69876543260924,0.09041865713163907,0.7519006802810075,0.7882625394758034,-0.5562537372147051,2
1000,1.5823792887535384,7.2799145495485735,0.09413750522601066,1.8972836377720548,62.63849607237131,0.05962366547356808,0.7518371198307622,0.6504095172281699,-0.9265501733781513,3
1000,1.7587310211414888,8.506356407849587,0.1567735895985232,3.7222925798686197,50.245572603633484,0.06742629148279042,0.5027757417871737,0.6667333724912523,-0.7796525632989334,1
1000,1.9357062079303888,7.523920173618414,0.0663391842287733,3.8182000701539347,54.238680290983964,0.037344098508521946,0.7135407620945845,0.5187000910021915,-1.22647237997958,1
1000,2.075280561183073,9.574258255141627,0.06627080335866523,3.4448602535041926,59.96502354019327,0.04334004857518015,0.7758726428377279,0.5113279567751493,-1.1901263419533048,1
1000,2.1229855654627294,8.901966921903032,0.06058753571962525,1.5174565301785496,63.001032719195166,0.04106404434903991,0.672189805766744,0.5528910796087273,-1.057834001960053,1
1000,2.07269261474844,6.647584756409932,0.07003124898541054,2.0822265388398975,62.43588496596327,0.04207120567178214,0.5434087409619995,0.5332517481305079,-1.195626376079034,1
1000,2.1652453303543657,7.287687121673272,0.08926401350406689,2.333707407212973,65.80808416151419,0.0649133415668351,0.46138982237699594,0.5917076245685902,-0.9005942218215195,1
1000,2.097314107964962,7.397185468288722,0.05093954635393857,4.0,62.35398296921117,0.027773049736609746,0.4603762803899207,0.4582003642610647,-1.4626584532614364,1
1000,1.1758172933639672,7.397477994436408,0.1907136940393618,2.1096001817236854,87.4676140478011,0.12150469928822628,0.5669032412983779,0.7972174767413739,-0.5452610347411322,1
1000,1.6958408688141757,1.0,0.2662528578461753,0.01,100.0,0.16885103980201793,0.48242767830400896,0.7827827187716252,-0.6916938123864401,1
1000,0.8910338998063764,2.4220957106324135,0.1781155908837701,1.293808067256034,68.37998366371588,0.11437567306897783,0.6354891669920516,0.8026804684896047,-0.554738899070232,1
1000,2.0784083714041954,7.478576758839113,0.07202294452426852,1.792111652711536,62.62904100123324,0.04375350900336128,0.8200254708155018,0.5722753843813723,-1.0770823770810731,1
1000,2.1761819286602186,8.163875902087746,0.1595437668295443,2.006149454071556,50.0,0.07886669035611349,0.5007314441961129,0.7181043865660464,-0.6854569090120858,1
1000,1.1855011382419047,7.064671215375792,0.38259970136944443,3.6964496551273562,79.95336236600416,0.1531575271180986,0.626600027305479,0.7859756662058238,-0.6516314060678194,1
1000,2.376178377535966,8.333973764677172,0.04091009511615817,4.0,57.05913538869257,0.0022315856565769685,0.6749957515498052,0.3471134630383854,-2.3214463027924808,1
1000,4.0,10.0,0.05052488062646716,4.0,76.67787232636589,0.018544069783853118,0.41133827209375723,0.40805666798856327,-1.1304669934634535,1
1000,1.6223910393167669,9.480197961832866,0.6835988297855314,2.592679454953307,62.2043685807427,0.07551466226009872,0.8590308141576297,0.8871106427227402,-0.2888741334136405,1
1000,1.547862271303066,7.309143993688369,0.09661413514427016,1.8475686379801857,58.19219035984128,0.048413585506266336,0.7645177812599011,0.6320170310448391,-0.8783761329766376,1
1000,2.150052851888982,8.140263171760626,0.03568862546186636,2.230420547880582,63.860517834458314,0.014838783862058565,0.7177619931512627,0.428148368862144,-1.937690200271697,1
1000,3.095741795281186,2.4355407920107677,0.3001486806772474,3.4713374887804718,66.97533957609157,0.14360637634644752,0.48289062717206843,0.7587103860964075,-0.6799879117168162,2
1000,1.5834945607427888,9.34970672816623,0.3449736028805987,3.5073790407703154,61.1243030030264,0.04702859196967599,0.757332462875428,0.8055641934438952,-0.39337464094887586,1
1000,2.0116778432059,7.3034134725868025,0.08863014451224965,2.1995450372954375,62.635442585869384,0.05218890981211392,0.5289398540387745,0.5965632888929417,-0.9727120395595845,1
1000,1.2443908667018226,5.118316817452385,0.09322340458531013,3.3486507941268417,65.54405528319705,0.06535434883849082,0.35759393184729066,0.605724863901384,-1.022611999046366,1
1000,3.0905621956964673,2.6992333586844586,0.29738934825210345,3.5392198980275524,65.84034639241163,0.14163224610254535,0.5492826385852617,0.789399458152962,-0.5865236276541257,2
1000,1.931288281421108,1.0,0.011166545193973136,1.1664575839204658,95.54381406596923,0.009538679659224019,0.029233493239411403,0.2210348211990085,-8.690349414139519,1
1000,1.915117263808538,3.798696771969353,0.018716185103521854,1.5911253071990492,82.40194642386447,0.012831004307357025,0.5327544239286619,0.30849036732007307,-3.009757960536536,1
1000,1.0803403313118467,7.06620716684796,0.37962356266676117,3.696832234739686,79.49011548020027,0.07466477655925392,0.7442311552405828,0.8368981991366824,-0.3786329824240825,1
1000,1.6861815850040354,6.357645820714448,0.10994839688103142,4.0,50.0,0.06184812131386251,0.42958446367788466,0.5725800152835504,-0.9964108037275992,1
1000,1.8442124464595497,7.097698395603797,0.04923161124030678,3.679416650376024,50.4227950065196,0.020145460842545215,0.7120977558724862,0.4214831681678682,-1.7214873302229738,1
1000,1.9307709329241067,7.236088930262806,0.10476849870127829,1.9819260129110894,61.485255941817954,0.06188494016466242,0.5059955731871529,0.6713133073656025,-0.8122049384770201,1
1000,2.1823701927709833,8.806957854063203,0.04251268611222418,2.6887934011566825,63.02372222217144,0.012888496901834912,0.7564936358785372,0.4195439977323681,-1.8610028782834684,1
1000,1.9147393839845501,3.6698092316094364,0.01,0.8195441308193941,77.38130299873686,-2.3131423257600749E-4,0.514505425421449,0.134622698383201,-13.2967710265261,1
1000,2.680900748130707,1.5979756720137916,0.3090886480071499,3.5113384755548296,67.12133880405926,0.16451805860527552,0.5487617111249461,0.7928102514079447,-0.6176374021714381,2
1000,0.8623044643292551,3.3148868657397688,0.163537945110964,1.1853857273721198,68.94798368590511,0.09780928809764425,0.8458620082270821,0.775474301477852,-0.6355227186709473,1
1000,2.0208395877157335,7.2329248518506,0.08981200900425222,2.3011939147916936,84.04385097000682,0.05673263071942358,0.6737342736542853,0.6211154283831215,-0.9953779166905792,1
1000,2.941298455273304,3.7237800332175794,0.3641853186794319,3.2092240108065258,66.974177473506,0.09589126656704924,0.6988826643088997,0.8534010709082738,-0.3988883136285885,1
1000,1.917912531120146,6.995401761809168,0.04475014562410641,3.3106998893783626,57.50810792699539,0.031602654706477516,0.5211790426338592,0.4626853668726074,-1.3458594814009326,1
1000,3.4494208962322443,2.7353716646330746,0.26632566907744104,4.0,67.17209704973554,0.12494287443363568,0.4626949407455816,0.7495598968804001,-0.6615778834062799,1
1000,1.9789267612307337,7.446938954461168,0.11547098721800952,1.9842111444037447,52.422608339926924,0.05549045292784965,0.8876248426475245,0.6400568386416634,-0.8529783036182681,1
1000,1.9642765848506305,7.6648513697530305,0.9389851976995891,2.344053417225187,65.82171860576517,0.05074178670715636,0.8187476942973813,0.9262990047746719,-0.18507598617487095,1
1000,2.7970261924759185,3.5513531284860624,0.18915442990421125,3.0917188056468285,70.9311492664649,0.10926868206917882,0.3690141892868679,0.701048515113892,-0.872151566350909,1
1000,1.9650095378415307,3.390470305459238,0.011514227546806918,0.3838000597814897,78.48363678037474,0.006456101301724759,0.14894897459752518,0.24784662507228983,-9.713100572698142,1
1000,2.0500396630607134,7.758202311522975,0.01,2.415193879463589,62.127835002742984,2.4379507758447557E-4,0.7786982716519159,0.24433717247948802,-18.623551355629214,1
1000,1.7428494714443306,6.930383418104357,0.09686358577035856,3.813555333088282,62.251309495936574,0.0612549111189465,0.4993924608282694,0.559600724129535,-1.1020797790979446,1
1000,3.228352415706393,1.0,0.29504789771036233,3.1790162142172473,65.77029372280066,0.15047967195490844,0.4882707960043523,0.7410477158689368,-0.762131451218192,1
1000,1.2243655515969631,5.259714743581917,0.08849614292570222,3.111690685078838,66.53692721710495,0.03468762483552458,0.7147623551615381,0.5277705404594842,-1.1802860579279604,1
1000,4.0,9.512264226034675,0.7022925651142347,4.0,66.92614320706231,0.036563960628422154,0.8634029142780694,0.8856772887952421,-0.25595362306391667,1
1000,0.6033762093730123,7.762246130396319,0.38587332608657754,2.711738252548904,79.57453821252446,0.08504033746150873,0.7752947570278584,0.8847813627109489,-0.3224293584468054,1
1000,1.9400659106274463,6.983108510965547,0.07010090305417963,4.0,56.3175447182474,0.031684224908541885,0.3218777362001842,0.4113005870381524,-1.7084605388991552,1
1000,1.953439424116534,8.264473242094384,0.09119725634075782,2.584340437020356,62.24468924940227,0.05494142632430897,0.6083984968025067,0.615100441664105,-0.9888420126732637,1
1000,1.8474401122081823,7.052449530322311,0.049484286060912465,3.618813882545779,50.12729657408906,0.003531984596817103,0.7002284900239872,0.38861077658701215,-1.8133470668657496,1
1000,2.0280779776282536,7.244527504669434,0.09123198859709358,2.0228236743485546,62.54506973623949,0.060591713180619476,0.6669655258080809,0.6438163635671796,-0.8238675860738598,1
1000,0.6046660963872122,1.4803116970598293,0.1822874943085079,1.583365913173596,65.28966305587107,0.16230571024247997,0.38787816091862576,0.732846098633955,-0.7419314757357094,1
1000,1.8844110453871632,8.648312952462248,0.01,2.4921339428327323,62.34933947699162,-3.143336738771936E-4,0.875552946740207,0.2577899276073071,-11.642232434404876,2
1000,2.2113783936168314,7.349915862721018,0.011240257758397315,2.302981602016204,66.1198527623131,2.861334982375808E-4,0.7287966608258668,0.2541429249058757,-5.185712903278891,2
1000,2.0378639525087485,7.364491437105171,0.20100198363665256,2.003126568120425,67.08974022111538,0.04369193865925717,0.7603781120769869,0.7205848289731274,-0.6043493163660999,1
1000,0.01,1.858206344460387,0.09394918213854163,1.4940674840950299,61.80125711225189,0.11459213073869041,0.19187032786624025,0.5804725042781609,-0.9651317636144824,2
1000,2.0543042978108303,7.76461968696778,0.04263298928120313,2.428914615216566,62.65752732258066,0.013575541772275719,0.6595481352429656,0.4050340536249047,-1.7568388375837738,2
1000,2.0872075773960836,6.4486374101580175,0.011917146538063509,3.9065634796047752,50.0,-5.315354091828635E-4,0.9028810395762354,0.22900676539246964,-33.9203594520051,1
1000,2.011914676593375,7.251033608247189,0.08896941958923515,2.480271618783865,62.6196558108012,0.050621556708348094,0.6660553729483661,0.5684574416845187,-1.1111757597097547,2
1000,1.6822630620133923,5.979430345227428,0.2817899171720645,0.4950838265761088,58.40285927694996,0.0863756915890018,0.812036740035588,0.9199618522100229,-0.25872205152541194,1
1000,2.7956461893349265,4.314473756926348,0.2126050907878055,3.3992535790907743,65.56329265348694,0.10130661496880464,0.4785791193396041,0.708036978309185,-0.7543260332623634,2
1000,2.0109066342809307,7.361311363645452,0.10231553539495689,2.0959803420897076,62.99689627969232,0.058581492821822796,0.7482699132211568,0.6467391101339054,-0.8796779036768331,1
1000,1.7050854608473962,5.6428741622212435,0.17660455315879467,1.2263379585994258,65.76642370547299,0.08714790002194023,0.8948820328981746,0.7996148470492751,-0.5565276347282833,1
1000,2.2007691011652133,8.34374509893841,0.0781799773543839,2.3800280818636295,64.97336911781794,0.06186316048467311,0.5834112301315525,0.5960786898510924,-1.0086134370277768,1
1000,2.350161176611067,9.866918802603829,0.09317369266711514,3.0665367799021928,60.977801116777606,0.041342260012837286,0.4534294017100251,0.5742771453271938,-0.9131672575147634,1
1000,1.6030990224002626,8.883483079003245,0.09551250302167189,1.6230796336771203,59.246080151301804,0.06176249179789652,0.7090833523516259,0.6391282490222878,-0.8180361575294721,1
1000,1.9440544439698277,7.059776309943476,0.06279135890579127,3.919073211873683,57.103263771454664,0.02448609170043761,0.2591249544626696,0.43768483958595306,-1.3005076227293366,1
1000,3.244949676764099,2.457543245421843,0.6499191874433347,3.351641364457873,72.25826459855459,0.10896250101829491,0.801767632893587,0.9008421431187553,-0.2816321798280489,1
1000,1.8507772569073244,3.6540708939239446,0.30718027710906615,1.9395707943788731,76.53615910920155,0.11963611346622394,0.6414247256312544,0.8491754347672029,-0.45799654627915676,2
1000,0.9507608188015579,7.3829307427289015,0.04814497686540471,0.9744626045284835,65.00312958476634,0.02746987776342275,0.714275937256758,0.5201530465084674,-1.0526444128220442,1
1000,1.885635755840492,9.001072903519967,0.010220900184450222,2.356874102961666,59.96524597393067,-5.14468707585536E-4,0.6580208661469241,0.269430337251738,-13.402256019961891,1
1000,2.1491953415347345,8.17248279245593,0.034622843959069116,2.610532202125651,62.21721121517648,0.012570578980047301,0.5876108801092508,0.41124740743957605,-1.31829510057199,1
1000,3.222211581797572,1.9938323959728521,0.6012788232530323,3.3339560187872297,73.01390646446302,0.1501033073094462,0.7633009326185292,0.9027543330476411,-0.31215320171363536,1
1000,2.330466978884646,8.208218542100491,0.09397499078368318,4.0,62.05339204509394,0.05927648014122035,0.4604237308105759,0.5868816643148318,-0.9849171025869234,2
1000,1.7464061954082906,6.874760419858509,0.09679513203630861,3.6878304410701066,62.15673064662371,0.06109857524794243,0.3217888657651847,0.5860540610751741,-0.9926824395346677,1
1000,1.7811102879868057,6.7728919016257425,0.04285696267915259,3.8871701487817933,55.19581389292062,0.013256028774863622,0.6587842637561075,0.41156972841498085,-1.9128759245410816,1
1000,2.1740813208339858,8.171469510088286,0.08630222458517729,2.4037297865919416,61.8621978905578,0.06022205381976019,0.5231276909333905,0.6224053540363297,-0.9616294439744835,1
1000,2.0370364542465738,4.2353418041900595,0.08882129772220539,4.0,65.80863790454931,0.08094916761350315,0.45820155319661304,0.5749737973018831,-1.0064679917799966,1
1000,1.8124568199488094,1.6614011427104636,0.11568256662466228,2.856944395411543,63.90003970559408,0.10985530274412526,0.23805089579033473,0.6043276894862997,-0.9600951232209366,1
1000,2.126823406207848,8.58243411748355,0.06775346845794798,3.584297812759729,59.556799099080045,0.022252302931109438,0.6471822295481496,0.42156450913426674,-1.1115483378015258,1
1000,0.01,2.824331423661989,0.01,0.6769782428817757,100.0,0.002072678368299698,0.31400407778315564,0.14765928013573318,-10.180425010007546,1
1000,1.6584234980266717,4.965109301976016,0.18021779597508414,0.8527322050488139,64.63982950827473,0.10329105752175169,0.7150154929009012,0.8188867503725334,-0.517000598687072,2
1000,1.6920255680332965,2.374576687508216,0.26609455696337675,0.763200973597738,87.72465816436159,0.1195823630489145,0.9147544058581539,0.8596558163787209,-0.44633882209299525,1
1000,2.0334733945236967,7.107994413997051,0.09354466138547293,1.9989465635704635,63.057510435963025,0.04754951894497516,0.5587635879988523,0.6257131430661016,-0.9170271755124279,1
1000,2.022174074215283,8.633007772342388,0.05804177214331876,3.246333826034585,62.23669187790736,0.03633798723718324,0.28306042793178526,0.46720199842559385,-1.3738660488297119,1
1000,2.8077661814796513,4.45216248509654,0.2780539591884748,3.401356563274845,65.11044094026322,0.0857763197054837,0.6427004026400883,0.812580375298434,-0.45462659533980354,1
1000,1.1553059071895473,7.4360658914653985,0.3350374071492741,3.0645127834448957,93.13205460453266,0.0656185029753447,0.7414594651355045,0.8077758910671076,-0.4653907579531669,2
1000,1.886969031047479,6.978072456329753,0.043660783486104436,4.0,65.09527701088973,0.028177506589849462,0.42615855741081515,0.43441814649107285,-1.4845165889445324,1
1000,0.6229483501889417,1.6241078327698868,0.16369824451938544,0.01,65.47180110006309,0.1566281668620347,0.3388439735420387,0.7099548814071642,-0.7230102398579825,1
1000,2.1150420435629447,9.286199298187992,0.06814183235640317,3.892972457218597,62.52102381193401,0.038419336408675155,0.47960042644251344,0.5059060758192074,-1.102780121961175,1
1000,1.1284000172317394,8.674985596239743,0.29521682015418543,4.0,74.87537183433194,0.1020284633421636,0.5642220093315516,0.7639437369245419,-0.58309104749952,1
1000,2.2110145908674643,9.294092197607993,0.0733461085945141,2.1081789123153776,61.70315685615674,0.02769786232827062,0.8405899440779443,0.5381138420020258,-1.125276496716259,1
1000,1.7434210114779187,6.9085714729098955,0.09369955941685257,3.7800086972828866,64.80849749015682,0.06779547871682906,0.365996687831897,0.5648511339838027,-0.9982304643733422,2
1000,0.7797502371682317,1.0,0.3409132154977342,2.7498359709978217,65.72879755678056,0.14468399427248974,0.6340263925255365,0.8543239925165507,-0.4364426477438883,2
1000,1.7600694830737444,5.259479983405099,0.1797089694945877,1.230228380463594,64.36467957426429,0.09934089670548563,0.7574261649045244,0.7355743686363421,-0.6770483926318049,2
1000,1.8633079320611814,4.4494026364357975,0.01,0.1642408229966173,76.47831741969672,0.002195323781164241,0.6497986036385348,0.24321870256331024,-9.610181064330995,1
1000,1.922642508815248,1.3664640012287896,0.029374627917736325,0.01,78.69086323482978,0.011194687210688349,0.06341100923262383,0.24356859045806978,-5.1256744331697535,1
1000,1.058238847276172,3.697718268089134,0.011720594734132226,0.49886860816218176,77.78929238677264,0.005292447428117754,0.5995325738891044,0.2552237653066281,-7.34473299295545,2
1000,3.293118115597031,2.4666326141669,0.651068036562987,3.420527346444741,72.25647561963993,0.11608559958701828,0.7007530849591955,0.8819627584522298,-0.35250478129716517,1
1000,1.8609630387704192,3.2977484755902253,0.2244515800974145,0.7840756990600519,78.13139197649456,0.2129230637258022,0.4873200057890188,0.8205165076240435,-0.556314071488308,1
1000,1.9826086685531001,6.468888870106623,0.08345626888667255,2.562682063973513,65.57720882337591,0.06235640115359439,0.47939305971988166,0.5979068047913643,-0.887946054901392,1
1000,2.8543215605155745,3.2231292157580205,0.23595173414722742,0.5461032100450106,78.75885222933927,0.12427843022140307,0.7634434793317846,0.8702363049507028,-0.36627103938012884,1
1000,2.138348846223411,8.169269550808407,0.03464154891424178,2.656005510738885,67.5184268849801,0.008050372219243379,0.6612562165909044,0.38124177210653065,-1.7893525109801023,2
1000,0.02126104306097354,3.0170927810379324,0.38964233075384835,3.7379647529062754,76.24414691341227,0.14313455266551128,0.6868069017466907,0.8408916184746399,-0.44510579136683437,1
1000,3.908947621326635,1.4413893999980851,0.12578045136051094,3.81680648966711,99.18114446106566,0.11794183585475311,0.3080330136168511,0.6996153048450392,-0.8241862481567479,1
1000,1.7716235572361057,3.327719501555001,0.31915334555202435,0.8658798284290601,78.06365651736014,0.16164259439126583,0.6763373851218801,0.8513973882637955,-0.47213892564337134,1
1000,2.1829212613109386,3.902902464854387,0.11972233323059257,1.7367953270488838,59.41269625447762,0.09433350053114897,0.569307069270813,0.6279184892167812,-0.8991041079569746,1
1000,1.198119669837041,8.71775378014873,0.18038314541147737,2.8821840345161043,81.45306893391432,0.08588705636731027,0.5711045391075803,0.7555848995827382,-0.6616181842399754,1
1000,1.9933938866055751,7.453237516928163,0.17690222388785723,1.9249552077585028,53.62014154948469,0.08401608595873042,0.7711327929053011,0.6940492391491996,-0.7611854821442292,1
1000,3.6965837374835036,2.106823464344957,0.5537571074250953,3.2540984045159127,77.44172607834386,0.16197310611478485,0.6442525855286901,0.8549038882533351,-0.45241624287652465,1
1000,0.01,1.760605167878893,0.41091575985413703,1.9527534666496806,53.06353376040257,0.21706304797494771,0.5955759318963807,0.8316480332002814,-0.5148650637422855,1
1000,1.9485764380867987,8.174441386058056,0.08881068586582008,2.3187527167772717,62.341586797041444,0.05468225240556054,0.5403017309584399,0.6089151832927089,-0.9064306835335623,3
1000,1.9515193783827665,6.68620827245815,0.06492968397763053,1.7924577914862423,62.81217874449389,0.04565025087931694,0.6752499458743341,0.5634624067767692,-1.0045399606103393,1
1000,4.0,6.455322451800152,0.3314853699545523,3.423604383881482,60.73078801895398,0.10442943870533436,0.6178736415993138,0.7981753128616942,-0.5194918633374167,2
1000,1.6738824397080436,4.448786608972064,0.20838516600824472,1.1318182508131858,50.0,0.0895151030610285,0.810480382846243,0.7991178079458785,-0.5271951592310979,1
1000,1.8289529661798276,6.998553695197827,0.05454789490055128,3.907033053622818,57.58157321648365,0.039322609148240206,0.6076949449236415,0.4708550097848378,-1.3445514020677647,1
1000,2.1285802705588623,6.632366912978856,0.06761976472952647,1.6072663188020828,62.32007515037386,0.0460368885484821,0.6567080377375849,0.5749013083508467,-0.9260728645621853,1
1000,1.93279183876637,4.112792327937425,0.01,0.01,73.0907520361003,0.005335400443506301,1.1189488906452467,0.2937772364510316,-2.743846915213815,1
1000,2.7394494215721092,1.0,0.2630255125006404,4.0,68.58690760050466,0.1391086768540797,0.5594831003717804,0.8227564619590185,-0.5181215539761115,1
1000,0.24636129056939277,1.0,0.4044139696771155,3.45575271398181,76.69959038555518,0.17046251320822306,0.6519571375956157,0.8485070728880564,-0.47140080625154385,1
1000,4.0,4.403727489707311,0.01,0.01,92.318563953373,0.00615545755629678,0.3973797902321393,0.30495580098423003,-6.764312862908572,1
1000,2.0636161889864844,7.17810894452015,0.07362084926005327,1.7504209000138164,63.1324085674506,0.04550344484471815,0.4955739338347728,0.5968204884171836,-0.9841002044813182,1
1000,1.8285257240777795,5.122893454897119,0.17323492091451878,1.2172610760299996,63.575735338768794,0.13960386422489637,0.4438193303519993,0.7160882811909111,-0.8184307675023224,1
1000,0.01,4.4523204237544665,0.6635976270345337,0.01,70.48025594934234,0.1469371032055112,0.8110577793679405,0.9572507101144466,-0.1622422355882014,1
1000,1.6654507889198433,4.781193578004806,0.22526517656498574,0.4350870684947442,64.7181351300379,0.1351404093326682,0.6578804438711799,0.8536696264154152,-0.44474513893429635,2
1000,1.5743778876427514,4.291774899553925,0.21595636324194006,1.267941800541606,66.04519827266205,0.12396094147214293,0.6396641403783612,0.8462202216580369,-0.4395114031167389,1
1000,2.3769516108685536,4.061697180026286,0.014383364150827471,0.04547527847884881,83.45672261921811,0.0048867499702959375,0.7686384289181213,0.3204361669849744,-1.9271748053497586,1
1000,1.977362981427732,6.705342804872229,0.17635566016277768,3.7496957538746787,58.094816569145515,0.07775588366167566,0.5948774829251586,0.6605083008150747,-0.874341239611985,1
1000,0.8836524733850271,5.475153380265441,0.14903746000049536,1.228499105047071,50.0,0.07250401734069001,0.8565873781442435,0.741667011912498,-0.656099105975281,2
1000,1.6795038592284015,4.934642591400181,0.1565713053829152,1.437050952241311,64.35589953649657,0.1469600326727433,0.42944966230136666,0.7383925419092543,-0.6524434059961792,1
1000,1.4693762167256197,10.0,0.01,1.8923852398079017,58.83847226791835,-1.9982102553453096E-4,0.7299042077219948,0.27276176342570446,-6.939937322702768,1
1000,2.7207506648419058,8.357671104815722,0.3911037828426904,3.110708553359748,94.4581687533303,0.06988698782236884,0.8163543379556294,0.8586071104912137,-0.374628898364333,1
1000,1.453908329329426,10.0,1.0,2.517662431346152,67.28881738449492,0.0835387833841379,0.7844835915738004,0.9128551832111701,-0.2476551030171386,2
1000,1.9059096348202835,1.8485924602969819,0.12043774055926891,2.8563255908089804,65.4585725416328,0.0858700957371282,0.27243633143639506,0.6005374333395697,-1.0110767109178964,1
1000,2.150041939515616,8.347192730332942,0.07990895469334625,2.9208285453315406,64.94570952910468,0.04653680199880422,0.47764302272900494,0.5672612041912163,-1.0984649104861637,1
1000,2.1385985828308733,9.572517387418563,0.07429413014765199,3.081733661127315,60.918940936477796,0.05654536100793446,0.2484269591907496,0.5305378671031521,-1.063908090267805,1
1000,1.2835554359361843,3.742307999808471,0.5783990891625905,3.2205114907620445,50.0,0.15872243785502194,0.6278924531974647,0.777695847885869,-0.6224632968356753,1
1000,2.124795810976413,8.890059869003474,0.06035921526308192,0.8389848931496929,75.93142098792157,0.03473613582584357,0.9299383310454117,0.6419129782670572,-0.9346845798533625,1
1000,1.954599788003486,6.8213810554724645,0.05475570561890204,3.944441968914696,59.32057648034692,0.03473158456425474,0.47222250087027084,0.48643472938930815,-1.3117138508300024,1
1000,1.68226310870124,6.013554663796785,0.28181153191159974,0.49500680813205244,64.91952608288669,0.10316398515511627,0.8707187156942561,0.9035059043859147,-0.2752398537565543,2
1000,3.1326372645839444,2.6236425099476746,0.29786097044491,3.647661799410131,65.59252989965032,0.09431368765928708,0.6836773833962408,0.8298953841509645,-0.4592425101298112,3
1000,3.115312832162827,2.828775983401864,0.19700190292116,3.2568560364650785,50.426906522411635,0.12209119142060638,0.6913706988519847,0.7316189164404396,-0.723048265997682,1
1000,1.9171252056163302,3.7887085856934144,0.01,0.1520034494707756,78.82629947278963,0.003987837437957385,0.38990659806630795,0.24595703818003894,-8.337322316239442,1
1000,2.0627897985565506,7.933417119838656,0.6522166480951443,1.223136524545307,65.46071093427564,0.06001028224223683,0.8357405477931571,0.9562232856115291,-0.1416087130915558,1
1000,1.1920491743032047,8.741495385459096,0.01,4.0,74.47172665610702,6.178173252090192E-4,0.958435327715983,0.2651972817396144,-17.869114401132148,1
1000,1.7419412291040681,2.162605391892443,0.11506998247317282,2.726179984762084,64.11990480030678,0.10122169612130177,0.45708253779186864,0.6514462925275556,-0.8626671439421116,1
1000,3.0427147087424986,7.257435346214556,0.19261549345228307,3.259306560164631,67.64028930243283,0.07838118157269677,0.5627157360277064,0.7244211553641131,-0.6953604257148303,1
1000,2.0670679291642937,6.416359883177197,0.07085069122899645,1.7883935697090247,62.98284865436447,0.042396622498749335,0.5842467180830525,0.5596774260057256,-1.0113090976724939,1
1000,2.0731646035565134,6.0884605507014,0.03510151102730336,2.472695153481722,67.66031186885343,0.012094975070011536,0.57370654058152,0.38806885041953787,-2.203138469993609,1
1000,2.0217860329025252,6.5018237957529434,0.0922636264411962,1.9859239700027083,62.32474853247092,0.04603144378658022,0.5504674490200642,0.5868177475054139,-0.9325533143616953,1
1000,1.4683056410149695,10.0,0.8239387942119297,2.581275257530767,64.65501722673977,0.15423537158461803,0.7073086633036686,0.8807976566405742,-0.3436752229204271,1
1000,2.0190141297184483,7.45572958505999,0.09138350582170475,2.4099122561741844,63.6673779409686,0.07385877072587525,0.407962019506902,0.6226043300195936,-0.9975630177416791,1
1000,2.133492070567941,7.671213070444783,0.800800364269254,2.3720679001543474,66.73533173891391,0.16738478921696717,0.7808587487462112,0.9131057431397113,-0.2959690575475135,1
1000,1.5982704693851542,7.514640798874296,0.0842260305111175,2.104569172337147,61.98414924016664,0.0585746509123487,0.44934289772225244,0.5404280150302683,-0.9714784246013551,1
1000,1.0635823827150586,6.90725957787628,0.33160443033886133,3.99326719597679,74.66627218193713,0.09033836229067445,0.6132161686271148,0.7677282447819453,-0.573538288746012,1
1000,1.80744781932654,1.0018708140353554,0.11899359274099643,3.829341879250795,64.30617388258563,0.08984980238134366,0.308247001614357,0.6472104755099277,-0.9320685213968205,1
1000,2.0308496787117374,7.102364100221189,0.01,1.401219978751707,63.2214645908567,-1.3923043927955463E-4,0.8841044570933335,0.23488568410277588,-3.0788499594317744,1
1000,0.7434492161058143,7.82140522146428,0.382570453666903,2.926285667662235,77.27201258701064,0.15553356878072952,0.6308922718622577,0.8123354342260092,-0.5735352098826587,2
1000,3.1483233558143433,3.381695199965632,0.6495312595072424,3.3466506008246903,72.47120208680025,0.0692906623187832,0.7551001910383264,0.8889301489647372,-0.2867792824043711,1
1000,2.7333374748584727,1.3062217283270126,0.21298384536086307,4.0,65.93662416364329,0.13639989177012296,0.44108413623920295,0.7448771256215128,-0.7164973100721608,2
1000,2.047023138055811,4.401101562981194,0.104868865853829,0.22582331740390307,77.50162758687131,0.10523751997361137,0.6409611005104281,0.7409933387802612,-0.711531498887176,1
1000,1.2163965049068597,8.723508359946816,0.17909202057196316,2.9662169642731144,80.3766183354063,0.09121450296848364,0.4819920917325401,0.7535655996542862,-0.6944468801216831,1
1000,2.020583299799089,7.17275496842118,0.08913876971490438,2.043455775315604,62.57733346296096,0.058143913070439805,0.5236263524622772,0.6324271784916611,-0.8769388087575095,2
1000,3.243250057961261,1.0,0.6276129447733991,3.4652146110193467,64.27135481538235,0.1306053049002737,0.7761161609207196,0.9140265367277332,-0.2751728835039454,1
1000,1.9844137280349756,2.848336971473741,0.01,0.6128495422812622,77.497218655306,0.0018313303850883223,0.7268043137422717,0.14878773957339334,-14.161426900351978,1
1000,1.8558152847627096,4.227398909295685,0.17952165870755593,1.205886535908636,70.6121935794705,0.087598661206798,0.6553732288687218,0.7973141166164606,-0.5308204980084104,3
1000,1.7550830413295953,3.689385486341107,0.015687414151320658,0.4926779555569721,77.85601895017676,0.00891076490906729,0.41171094901063054,0.2819987313560892,-3.713333802352913,1
1000,1.8305698560073893,2.9911397725478706,0.18113280059809647,0.7909804233061188,77.1037942813564,0.15734589693885093,0.4089569787870042,0.741520979641509,-0.7292775887480407,2
1000,1.8432613512105773,6.638172227077604,0.049408154820783964,4.0,50.0,0.010524543217388629,0.5226863668835898,0.41961459079703467,-1.9900397029307526,1
1000,1.6519666629997936,7.799127218918379,0.01,1.8585887715468892,53.35721700563209,-7.118862669540869E-4,0.7626435820508417,0.16776839955557007,-30.576544474527527,1
1000,2.0928755828438512,7.69021229872141,0.747861273187449,2.171978366045302,65.81375103782355,0.04853681346766901,0.866773426006963,0.9309124433443238,-0.1792468433119541,1
1000,1.9457715898551249,1.0,0.23353850134420737,2.2078870768134258,91.3197977618249,0.1634309422616281,0.47492333672073866,0.7942559515844447,-0.6276715390775431,1
1000,2.1862831947157115,7.417029914105493,0.01,2.04509431479457,63.124094444282534,-4.9798458273449306E-5,0.9528187877206502,0.24376347545040095,-22.613099623812282,1
1000,2.0196198164323347,7.236733227086268,0.11062011631337848,2.304241425506436,84.02971621801373,0.0849152947135294,0.5104328821807029,0.6904349134928572,-0.7480194101530169,1
1000,0.01,1.7517731229626983,0.46053600100294473,1.9305220055619614,50.0,0.18992935228924077,0.6576933016358996,0.8204675152961106,-0.5117869353031436,1
1000,2.300560493627887,4.654275681494148,0.11962326835151817,1.7532696762601998,58.99489831920306,0.07680046407693257,0.6853119016816156,0.7159934744010864,-0.7876559232173357,1
1000,1.992326631549821,1.0,0.11386725797274333,2.059663084413955,50.0,0.10672643116294801,0.27413915157186663,0.6137349243400829,-0.9352653305479266,2
1000,1.6375596065821074,6.786527856473443,0.053232776411749456,3.7253065274982036,56.54795223308672,0.02030698554472384,0.452849262952725,0.4150871031431897,-1.769021664938834,2
1000,2.1002902479159724,6.609096470516901,0.06422339997571457,2.4332696364220867,66.76363551789557,0.05317228308479271,0.5399837769358856,0.5419134336658231,-1.022025012344625,1
1000,0.7976996058080134,7.766441250544078,0.32126929772589735,3.0357221202151843,72.90436932272472,0.1453527692765836,0.6009147004837786,0.7931970837254104,-0.6014580287828889,1
1000,1.9428494666020455,3.355516649748271,0.22154484656754622,0.5391154820331989,75.1300398725614,0.16275533792264008,0.5808090629851126,0.8476158871920942,-0.4792250332778307,2
1000,1.1608747531162051,5.0713857333671255,0.21068971457641547,0.01,64.62991287268478,0.11027115779831806,0.7289872154862801,0.9059581330998939,-0.2753825059864767,1
1000,2.223556391944092,7.338196273742058,0.09150931165791432,2.0002879010705112,57.69696944463915,0.04496669858845094,0.5895908340187374,0.6131886399882703,-0.9731488829209758,1
1000,2.5150526988961177,3.456104050379278,0.1832146649128734,0.5122585651139869,59.692380500143464,0.07207097358996399,0.884181254920244,0.8436171055969891,-0.4266108999685019,1
1000,1.6286248038045505,6.801209167626492,0.05667008611356684,3.855447719335107,53.36406029770652,0.0275465557915419,0.45759565921221634,0.44689616068836563,-1.4885123514357406,1
1000,1.9235436730204087,8.192024226666183,0.022947982004382833,2.3978894908520982,58.50843622413794,0.004107039402932581,0.873232457213763,0.3319785789188579,-3.566471720024914,2
1000,2.033265335374123,8.470454761466787,0.042424855386596794,2.301231578865774,62.47856550106981,0.012499780875292982,0.6581317023537839,0.39672967837176704,-1.552637337044057,1
1000,2.6901829718070163,1.3282650073402769,0.21806853023036704,2.4387134627239218,92.1979425519944,0.15812356768899985,0.38036093594624787,0.7287262275732546,-0.8196651984758546,1
1000,1.6387092110328978,4.648027587667273,0.20707410549179284,1.567700317790791,67.65444915478615,0.09208579521356104,0.665581959272318,0.8122080807995361,-0.5130566858159263,1
1000,1.934008213495697,6.897043172416648,0.07027507969307019,4.0,59.28172839285654,0.05358713467730463,0.42872237396684465,0.530524550187652,-1.1108600674416071,1
1000,1.9185677269972325,5.144751945413984,0.01,0.2791863315803508,74.12374712572195,0.0012347188785717842,0.9153394379943148,0.23123833365829247,-12.66492859299704,1
1000,1.8801264853884705,3.2007722577969515,0.03852837770481864,0.6573685771624874,79.18732049182978,0.0300147372532998,0.6821302208170479,0.49818132307610496,-1.1993202600780501,2
1000,1.9183343913174087,1.0,0.030659699927775397,0.01,78.52676783968386,0.044061835341471914,0.07840342224161204,0.4105041898518187,-1.2693523689156323,1
1000,1.606416463036387,7.523562804284302,0.08792058029532891,2.0741911807876843,61.9632689692472,0.045763105872727895,0.6092329139004428,0.5980015214372278,-0.995285971000365,1
1000,2.351471176036131,1.907561883598582,0.5450591330407509,1.811893123852806,74.83160491623065,0.169926141977296,0.7312008829105519,0.8823728117137838,-0.38259596783099614,2
1000,1.6818687136340817,4.696843703955372,0.2070419404975123,1.3971720312740261,67.39532231320112,0.11086928200033404,0.7495950603816438,0.7630091694342124,-0.6600099645569879,2
1000,2.1506847834609037,7.845956710659192,0.038295418953986304,2.3379328473975547,66.6530344085499,0.027159590546504752,0.41152102025553844,0.39778462699915224,-2.307003449442399,1
1000,2.113229633599598,3.87779247328201,0.10287944798628354,1.6958211545534594,62.35512081671036,0.09153173918290572,0.3678590890789385,0.6577968768383162,-0.8021320848436413,1
1000,1.8600765866367779,7.044210350792589,0.09770728501111288,3.7066297050844073,62.66370543494733,0.0529644438804281,0.43603870723753246,0.5753240061869702,-1.0892137307071723,2
1000,0.29928992308101776,3.2638374921343005,0.37819280238740316,3.5084613432588307,76.13671415875004,0.12374638463456752,0.5283902064281443,0.7762380317266672,-0.6131436661120737,1
1000,1.9281471910378019,3.301156240941215,0.22191727919768622,0.500004533432866,74.76267303856802,0.2006326925982137,0.5281291742474445,0.834789362521482,-0.5115901342829202,1
1000,1.7093213065682717,1.0,0.26698267331478387,0.4831152332090506,95.87451166704824,0.16991454775229956,0.5151804472856087,0.8043582503427893,-0.6255479907989867,1
1000,1.2202472463488623,8.834307856363775,0.19088581828135387,2.7936515808485645,82.86271348317322,0.07870505219961534,0.5787445322525829,0.7621756790600874,-0.6362843788492614,1
1000,4.0,9.775597584629558,0.27683535429591566,4.0,65.18524869230062,0.08102911913481477,0.7135494476895301,0.7923142553114998,-0.5271659477073543,1
1000,1.9767361825831806,6.717224911360571,0.1737884784248083,3.690923227678898,57.48278413021061,0.08705843712363787,0.400636778321115,0.6775347736356334,-0.818688077231492,1
1000,2.6449852092270953,1.2671811402505597,0.21866236794740893,2.3210963428673304,92.13197180226183,0.14156165932157946,0.4876458603877324,0.7987619277900588,-0.6070207023171437,1
1000,1.6710595217732265,3.9268808725101993,0.38085234510043975,0.4843770958134257,64.4873254117008,0.1710451258064437,0.7128573492643264,0.9073475522028893,-0.3216531906766653,2
1000,2.08451455494106,9.575542658339021,0.06588975568735951,3.6019711474528684,61.52585041458854,0.03164541163169455,0.5172532556150263,0.5251376314887484,-0.9506900789975049,1
1000,2.1102700325477355,8.228363566619423,0.17619002058663774,3.6380086373652247,58.506067877181195,0.10753463972207253,0.48316031012111116,0.6867006191231214,-0.8315273369075568,1
1000,0.6829070419265783,4.436944145509824,0.3019808984429942,2.1111734357732717,63.75579789325383,0.1239598434048518,0.7743424269153144,0.8552974493888487,-0.4079837019088684,1
1000,1.465789970279135,8.93075506077618,0.046186546440471744,1.8917371491635724,59.03461858966348,0.019350474008545577,0.6276370840729363,0.44221634636699847,-1.2747899928902373,1
1000,2.360714156010521,3.3905557194342357,0.012866602653919685,0.01,76.97316299312875,0.006307681062479961,0.6887948717135727,0.2748882322846396,-4.55267292917935,1
1000,3.2287832748160197,1.9909984871926572,0.6990016789679685,3.3966585434790884,72.25123865975122,0.11701134726192913,0.7908545445067469,0.928947753860964,-0.2279237286371575,1
1000,2.011677683529507,7.3034134725868025,0.08863014451224968,2.1995450372954375,62.635442585869384,0.06356020069883976,0.5641919212558885,0.6137743228964171,-0.9791135356042235,1
1000,1.572598522192813,7.035959998465582,0.09140765271687702,1.4591490737500703,63.34177470175209,0.0557875527324742,0.6883332406122326,0.6589503576137736,-0.836328075600813,1
1000,0.7845235689850079,1.0,0.34335260516049326,2.7532973182792695,66.03893776825946,0.16385253233803643,0.6170652932917651,0.8313179419108031,-0.5248607527229104,1
1000,2.1123058659407503,1.7241044415185636,0.03411115083276085,1.477157760100213,72.22089713491053,0.031321269100940345,0.09135553795927173,0.37889127370516784,-2.1557454501481264,1
1000,1.6530079270249085,10.0,0.2691545178685829,3.497007511710149,62.19784675788826,0.08386905797522617,0.6980641019977799,0.7475286647679459,-0.6284321864889958,1
1000,0.5772357630200555,3.827433784154741,0.175861881257766,1.5186734909136508,64.51615412968444,0.1696993060238125,0.4450558576268402,0.705903927866881,-0.8568662104512746,1
1000,2.1805775581649804,8.15805497059037,0.15831690725280015,2.022500079672537,50.430325180835425,0.058700006048670435,0.7138643859121825,0.7326064889021632,-0.6183618502808595,1
1000,3.4418393493144035,1.6948429190954464,0.1475769802675207,4.0,63.62179219781174,0.12700936438051036,0.3612108733705179,0.7143749238927626,-0.7806952902930838,1
1000,3.3710663552524274,1.9416566842411283,0.7662982638532182,3.0316623788806734,77.10562041784513,0.15053876907438812,0.803195435904344,0.9057741502689138,-0.3131931422252699,1
1000,1.5925894352910557,7.31146112426213,0.09597515768286995,1.7338022374691444,50.0,0.03677551758061057,0.7112313073386793,0.6188402693436438,-0.9614465623709689,1
1000,1.5726174322684425,7.043654962139669,0.1335659973952692,1.4498736098973504,62.85223836884785,0.10157918045190319,0.6080036312398803,0.7287166970958756,-0.5831526382435824,1
1000,1.664795337731595,7.311009354855661,0.09547277492592098,1.859997397890035,58.0133928927395,0.049047168714126683,0.6808110032998067,0.5986626503080122,-0.9506197180641787,1
1000,3.3030450884034814,6.7141323893421285,0.1962174906640708,3.2261589903929675,66.58184735416796,0.11488345891254752,0.5058249568289168,0.7498342078654872,-0.642211320370786,1
1000,2.447163516380754,8.049478017766452,0.027884410244876687,2.633713928876918,68.4767844342015,0.007265234844910599,0.5496658509411912,0.35635118713979563,-2.128592889506083,1
1000,2.166497042585163,8.003629034644566,0.05717698808381058,2.4568648359527168,60.638740439879314,0.033999506127970744,0.585404823977193,0.5092256174241498,-1.2409659931798693,1
1000,1.8844781749265738,5.145635963806879,0.01,3.5732505180226233,62.96120513867103,-7.040358251396936E-5,0.7856417641820634,0.20315814487557746,-13.301312908505828,1
1000,1.879757436164063,5.181327999641327,0.02282354309834897,0.1926939569525093,73.8220795607922,0.017649030461866395,0.7803148245150294,0.4604435354176544,-1.1512676414915228,1
1000,1.9757547334969447,2.763272359101572,0.011855617350119436,0.7632981185359834,79.10654597742543,0.002148213700734009,0.31230027394067494,0.15771567351417676,-14.493861366878665,1
1000,1.047305403413948,7.073930847647587,0.3265675626809163,3.9915145337206774,74.56737904892205,0.06907194572366603,0.7680001390634312,0.8058930701862961,-0.482127405235156,1
1000,1.8590243020819268,2.786649102608018,0.1978926733004709,1.1091425662339598,77.16695044411256,0.17399988565651892,0.44431217857162614,0.7636447580811186,-0.6250285569087678,1
1000,0.8667058462154691,7.279777003125011,0.31652280297229646,2.5398291499390564,75.15666253656181,0.07733695479345407,0.7333347454766821,0.8292145010766254,-0.4344968439026896,2
1000,2.2840665672432414,7.721556370976532,0.060068789878387825,1.6159508362978918,64.71080330885121,0.03278761656452625,0.6132130398176364,0.5472658710503435,-1.122261217161595,1
1000,2.1984827745873092,8.30731740721288,0.07846496267597451,2.326972083359477,64.97028366525059,0.04034468607698142,0.5751945305445867,0.5658207990913653,-0.9621706720557476,1
1000,1.8633795798991097,4.425297920368728,0.01,0.1782517742087339,77.10228420438521,0.003640118542278094,0.6392372834091073,0.2770381141799181,-3.7070757442024727,1
1000,2.114163050784882,9.668788702183463,0.07746647680887755,3.5477686527263415,63.23961411017119,0.024615710500468943,0.7218121994775033,0.49452301487573425,-1.4206989669886307,1
1000,1.7607494331070732,5.248398213515217,0.1791031291903284,1.2343653582468888,65.23829563936526,0.13005474432688457,0.5331474252642027,0.8006544942828153,-0.5817864510724207,1
1000,1.0372140090819382,7.152985075660615,0.0480664567673877,1.0207902516162366,64.97372596092117,0.03145888711139776,0.9523181542606887,0.5379224201524623,-1.0722209996513328,1
1000,2.2298335964029805,5.704874015352216,0.8639809438553111,3.5497668388075967,76.39776902807029,0.08822842964443141,0.7647482784921545,0.9061335942492701,-0.27043375826286087,1
1000,2.597298029861003,5.616150809515675,0.8002365004418348,3.5586539705568905,76.5443707363413,0.044181762013729975,0.8445325778741498,0.8954929834926458,-0.22586478180231262,1
1000,2.0447405244989167,7.0022553645122665,0.01998831674610861,3.5359751541069593,66.75643059015476,0.0028796799738177352,0.5254522533088596,0.3103069109660072,-3.9800974079495326,1
1000,1.794680625412937,7.122097745951345,0.01,3.8386998650209656,62.22779914793475,3.002998208647481E-4,0.9084097993014554,0.2528625029504592,-12.271367418371266,1
1000,1.598363050114203,7.5272551161946355,0.08381488520526521,2.0940378373192297,61.922924332120814,0.05253220194437692,0.641859186127712,0.5907133967077427,-1.0502813289715598,1
1000,1.0286510061313354,7.705906258108668,0.618461491287283,2.750783969689695,74.23048742678986,0.09799302414553503,0.7932984997195661,0.850395780595981,-0.4072241916350465,1
1000,1.9928920008899345,6.8459666880275805,0.01,1.8140254145186974,52.564883030423395,-6.060575927305413E-4,0.6969156549500061,0.23196366166416002,-12.891551539805443,1
1000,1.9211192118861433,6.931655090406282,0.04640987849029571,3.741650424337736,57.013321999022494,0.021782979910330874,0.3661515830956432,0.42217132775358324,-1.5375147871727486,1
1000,0.8114231601119365,7.739537319494636,0.4010799197584005,2.6068418227355945,73.59882016446306,0.09422128117331546,0.8340837409746402,0.8431139249356114,-0.44187181474017756,1
1000,2.212984189651996,8.111823869977496,0.02329323662469976,3.4073402479658133,64.24364967316288,0.006659154750358466,0.7072803806020568,0.33852659528699536,-2.8870090668290738,1
1000,1.093476631070976,6.313299929260181,0.07342308894449504,0.1141317298839691,65.20575569828034,0.06715560556587599,0.7468794480948802,0.737584547888753,-0.6803347197592573,1
1000,4.0,2.03946319136379,0.8547577610923819,3.1620362180336152,79.44609001023197,0.10534398752673366,0.8692499525040811,0.9202960003398523,-0.2351728716052598,1
1000,1.879757436164063,5.181329334614889,0.02282354309834897,0.19269395695250927,73.8220795607922,0.022726707889803573,0.671779750298174,0.4293424465269765,-1.5096517354166419,1
1000,2.171935531611241,9.698393728061731,0.0744429061063291,2.8919388991501886,60.98838743300802,0.038164638857977544,0.3418289151973176,0.51397073792883,-0.9782210067824314,1
1000,3.200067638237022,1.0586988234711066,0.2605931789370908,3.31080310519086,64.54340879645848,0.15097018581864047,0.53725944269965,0.8054109158568507,-0.5564298647166144,1
1000,1.573708234371854,7.04545366385256,0.09309686071551644,1.4559440593020991,63.55829090447213,0.055187822935781214,0.8357875825987766,0.6544472660246228,-0.848364529178649,2
1000,1.026360047280383,6.936092997804371,0.3092236599444748,4.0,74.30969147104418,0.10838260891353944,0.6991693062497674,0.7699923173672065,-0.6170607088138522,1
1000,0.8628161130393247,6.798475810398127,0.28308666184807996,3.145372322831748,70.78134645677476,0.09646058968083576,0.7138221257723315,0.7846415464600396,-0.5605227508864007,1
1000,1.7022885461175934,5.075782117531801,0.1697895378824939,0.9943054028387499,64.51240255920291,0.10304974323270946,0.8308762624434438,0.7816067440763939,-0.6188514330412813,2
1000,2.071934549499029,7.734901162326361,0.01,2.096527910774255,62.22185731971715,1.1076870882061907E-5,0.7005171738771595,0.2466843927585818,-12.208098482760196,1
1000,1.1268590590231766,6.920250859288073,0.3091555652240369,3.860764831475711,73.68713532993442,0.07504696723238527,0.7572897657611344,0.7930490349855897,-0.5128426837782425,1
1000,1.9311453391856923,7.021041483242954,0.05414275352967291,3.85642879425557,62.74932558386459,0.02336022373529161,0.645520075751216,0.4274677093184829,-1.6316330468719364,2
1000,0.01,4.492608553150767,0.6566767204261815,0.01,74.23048742678986,0.19980746134425606,0.8533975229695531,0.959503594884472,-0.17059863549553075,1
1000,2.173299877346795,8.23296515287405,0.09997120577733376,1.726814541423248,50.0,0.047017001744372414,0.8765640085952865,0.6193980295654891,-0.9086761524220708,2
1000,1.5746703270444136,4.2839721464612355,0.20235460771648747,1.2693265895346375,66.97771676295469,0.09196011535537206,0.8657491649210549,0.8057372229859086,-0.5362139665300409,1
1000,0.8492299392851246,1.0,0.34003811132371276,2.7769555878778904,65.56686881713682,0.17813643692674117,0.599540590597882,0.8270283838638133,-0.5270316921610426,1
1000,1.8726705017806249,7.062034865036915,0.04515038217480188,3.854464100479853,62.73930872441912,0.020740166673075107,0.686735887010317,0.43769351113253396,-1.7358620317116877,1
1000,2.88514537690809,1.4791069738210598,0.39786398361631,4.0,65.47210436160815,0.13778991742143012,0.6765602260358335,0.8745222798517551,-0.378737812850754,2
1000,2.2104296753279824,4.027779496426671,0.11754361729971277,1.7494455338790318,59.416991100881994,0.10415445162428945,0.36274310050618497,0.6652603326473521,-0.8799089163357267,1
1000,1.9941921958187643,7.344347208152051,0.11884846380270164,1.420996188549636,50.0100225571473,0.07356946530216495,0.7897134984190063,0.7134911421817384,-0.7274005714120627,1
1000,4.0,8.838120236546509,0.04416075945007451,3.021412949373281,58.13478754164928,0.006137659891248625,0.4661137118517219,0.3631695269840229,-2.4018145790743795,1
1000,1.6916426772449455,1.0,0.014341376969729069,1.5535084955271738,97.65949189810969,0.015412627782822156,0.03325466513276169,0.25649734482305536,-7.509230947790154,2
1000,2.2246866762729995,2.664808022944737,0.10350344450654674,1.4704225267093827,62.572052475199875,0.08397291746354868,0.388392005124204,0.6263420548350818,-0.8642644847336002,1
1000,1.656439723874132,6.805837311851146,0.05831611224729502,3.8456730245992636,56.29599293078307,0.05455470555763949,0.46894095003997854,0.5142401028638514,-1.1486341565226017,1
1000,2.1378880681985493,9.519871834073601,0.0742982721464523,3.0915493374771277,56.36893277114307,0.028515291773980878,0.640784740014929,0.4955829714713814,-1.0949748518279898,1
1000,1.6705134915994198,5.0397577409976275,0.3284850942214544,0.4566033965270934,64.89231095699698,0.1450015551138394,0.7545021613049419,0.9075911188257748,-0.3178397382941506,2
1000,1.7869799676407483,3.5635842766195616,0.3221311103165734,1.4584282865283882,76.21119870883251,0.1703342198101612,0.6673509055705228,0.817413185770606,-0.5848471897962483,1
1000,0.696203803648317,4.287540248868208,0.4335092457609359,1.8215408520313372,63.46742206394201,0.1404765198492748,0.6852646439700126,0.8351978380931308,-0.4751189089648419,1
1000,1.6021268947241962,3.1897675931322396,0.036356353520829936,1.2548964200514985,79.18326170952234,0.029773201029071966,0.6586266395096781,0.443971449177913,-1.4231520338353327,1
1000,0.9839165248846384,3.170378166183824,0.5848838068667251,3.9524450545830194,67.17119224242889,0.09145765779563869,0.7629151001889327,0.8494121321402233,-0.38616566229132937,2
1000,2.012922492321999,9.359926823776943,0.06185547027828216,3.4531921003768993,61.752023867564816,0.022112857533272207,0.6201000339075238,0.4958861707819258,-1.4044303387010442,1
1000,1.2778958788328243,7.573199791802461,0.06689569042431139,2.063486596227831,61.86585105181537,0.024182158431777873,0.7235863910738267,0.451131233849184,-1.4736430157073783,2
1000,0.08915733551005323,1.0,0.5036799223015983,3.4656711761862637,76.63105496106168,0.15538272919728974,0.7705813129248965,0.8469723683462816,-0.49840194020192524,1
1000,2.06872184389906,7.666640634835573,0.6797745520330919,1.425777285183707,65.10037482362847,0.1086447589729631,0.8153509775887356,0.9341499019940459,-0.2237534461716813,2
1000,2.7844659453227987,1.0,0.32044954912671547,3.499197697950959,67.11584550287769,0.16482800644589898,0.5438258472747827,0.7828812592963226,-0.657169459038193,1
1000,1.8040899151387098,1.8131340350226923,0.11805082414564438,2.8070205042517378,63.94487835736845,0.10012941532126415,0.3079888503174412,0.6581703215919752,-0.8604305526888846,1
1000,2.0315781228843797,7.06342840042905,0.08831834718732176,2.0542381781147943,62.69687698739189,0.06200358957506688,0.3861889455389285,0.6149448941471441,-0.96140635485788,1
1000,1.0690140334167018,7.7116766083771635,0.6289264715338961,2.760530619121547,80.89730654640394,0.07059585591199176,0.8687195485169265,0.88641877207317,-0.3044857461878013,2
1000,2.0785747257162184,1.4072074323485153,0.11708420064976487,1.3971424111391721,69.28220289170307,0.10045909230718629,0.22999908616634107,0.5923312122513785,-0.8687310824935375,1
1000,1.863997764792096,3.6809121686399164,0.01,0.6313675473456996,78.11357056282247,0.003576027351699419,0.5187031131051894,0.23447280712767982,-8.017536940635381,1
1000,4.0,1.3227268719553853,0.12418561137451269,3.787395121187823,95.97415559003846,0.12842511815385477,0.2704077429545034,0.6747678246188232,-0.8148019611427504,1
1000,2.0675089392191968,7.667533226740357,0.6816909171062318,1.4004671647136169,65.03320164940277,0.15553043194442276,0.7430210615072246,0.9131058815121341,-0.2812685297476624,1
1000,1.973716451992562,6.484524680833708,0.12136601546039465,2.4303619678782717,65.62070387930424,0.07133543735053893,0.6069491684012002,0.6791474595563801,-0.8119251333051709,1
1000,2.1263628980388334,9.245749486776607,0.07635182355996321,3.905825219514926,62.55720199821128,0.04193776799024495,0.4038921484407864,0.5485859035501913,-0.9642073681253271,1
1000,1.8126977751210942,1.190845593295021,0.11905444773855668,3.8335513283075304,64.30521224716377,0.09256577990062148,0.24789342650465324,0.5942047831700398,-0.9548637005567377,1
1000,1.6517741251602442,3.2025840808623007,0.198271823054581,2.0025736738563924,64.67254586026719,0.09254275330392257,0.9339512893428751,0.7319926648200279,-0.7530946427689286,1
1000,2.176543982389869,8.165557823284932,0.08924431398851669,2.317538834471756,62.40162436786108,0.04735076473197088,0.5887438359437153,0.5909315389967759,-0.8745367638041925,1
1000,2.1670694034813685,6.642253425676466,0.07696228763992577,3.3040313898353992,64.24568332696161,0.05318405623334442,0.4367621140013401,0.5643393385110591,-1.1003095139673518,1
1000,2.470821701009169,8.99362660372339,0.08486988190698738,2.2576643877878815,97.5471783893654,0.06656478838995313,0.5249187230007981,0.6354576370614345,-0.84446234777719,1
1000,1.738264022371051,6.869088872707642,0.0967558559494785,3.6827496742627153,62.16652312104717,0.056632290976044816,0.5470428256664946,0.563714865366037,-1.103541017169719,1
1000,2.0721623794912074,9.547316578733192,0.06672011746172742,3.610587347124631,61.76939515076649,0.021854649144981426,0.6397819206474321,0.4831181442201021,-1.2674190916522567,1
1000,1.2755034594185315,7.481314366494638,0.06706175154043026,2.06364981761762,61.91471500445931,0.03560811625896151,0.549570320436469,0.5429593548200384,-1.0887539660097774,1
1000,1.363529095333081,10.0,1.0,0.5922444098158202,50.0,0.07149931973047749,0.8586316037691724,0.9733284841415106,-0.09858776113756998,2
1000,1.5333847422948443,7.147453743002739,0.09350484294272322,1.9260128264469436,57.96432710495413,0.06094770710342335,0.724314240782984,0.6366652426693333,-0.9840502087023169,1
1000,1.9125379978654984,6.485293704923477,0.07084534753063314,3.669674180732367,53.63659196848808,0.04253333141440114,0.4235613952732467,0.5176896321302789,-1.205100635831059,1
1000,2.8770717976616336,3.6203991949868,0.25082488899080546,0.14262633407634015,80.51631853951088,0.15767040194796528,0.7348347796208801,0.857474031319639,-0.456861525940212,1
1000,1.7467211367287825,6.832513082812329,0.22220334998938726,3.6646188671655504,63.409176288971395,0.11417324977309116,0.5885477201054786,0.7496929532211629,-0.6882780226440248,1
1000,1.3463844369090043,4.849183963614251,0.18176366562853727,0.01,65.5383892997621,0.18206421466153874,0.6003892253383742,0.8545998863240462,-0.42507058978538775,1
1000,2.110773892974383,9.93022032772704,0.11564395057038072,3.89880460034846,64.76407616072221,0.03933882589197152,0.542584100421097,0.5713110453081033,-1.005094250347624,1
1000,2.1030044232943603,6.449477463094801,0.06676555809151,1.7344566650630486,62.970826622879315,0.05095831298439152,0.5518581011351584,0.5617865773197223,-0.9872317723324049,1
1000,1.8494094573225024,1.0,0.01,1.096609175798751,78.26617884987098,8.784467164746748E-4,0.010565729887975455,0.05833164180619314,-27.356718019346495,1
1000,1.9191539450370425,3.649112823075874,0.01,0.690098967230946,77.44225233988624,0.0023283602618707076,0.8370871969868514,0.2013061659160363,-5.846848683657827,2
1000,1.5892722539522797,7.091594338743225,0.09051289675108828,1.6059219399008684,63.59858055607115,0.03444724452469375,0.7285269400213804,0.6026983773098447,-0.9148916292667065,1
1000,3.209648231896744,1.281893771563955,0.3080294014142851,3.3304240342875913,65.10263237698335,0.14664688067210818,0.5139164450292221,0.7442007252402918,-0.7561079544601012,1
1000,1.8785166328487617,7.070456823591082,0.04842292312826328,3.856947056160413,62.774764269869564,0.026207106731468734,0.48479990852676724,0.4749115169953856,-1.2705198209873032,1
1000,3.095557336748541,2.4029787640062654,0.2993060275683,3.423360046310369,66.90100770696468,0.12352032700942603,0.5914956760878305,0.7596215884578303,-0.6950072077643832,2
1000,0.7572757173504403,7.99592545035731,0.3791102569899075,2.976932721948715,77.26450053740365,0.13109612640981216,0.6138415872363793,0.8063038970506424,-0.5218829239783815,2
1000,2.1231402792351086,4.600668232398766,0.12101638246761055,0.10411863962103197,77.51017263405106,0.13347855313991425,0.7485885482430926,0.7780648030989268,-0.6456946106124748,1
1000,1.5843989819830644,7.310785392715552,0.09706148872255259,1.9345806951712774,55.954944284030546,0.059801702893834165,0.5649007239488826,0.6508769370863818,-0.8227930036427057,1
1000,3.2439709548439892,1.1957843803058845,0.3175951077058473,4.0,66.27686846987102,0.15649811701885233,0.5556529449231715,0.7899760177879482,-0.6022586382164765,1
1000,3.092499586065632,2.7069119265045325,0.2758305847373193,3.3210658320841278,62.80658660264756,0.10914176089151474,0.673386603342376,0.8037392985928332,-0.5357810468990094,3
1000,1.8662188835400202,7.025044522551264,0.04456927384313213,3.697146686648167,62.731688304687204,0.01727038941228547,0.30522801254967374,0.4084173269269725,-1.5915738701258202,1
1000,1.5747588971916087,7.30869084465806,0.09642588815482725,1.8519872832367275,58.357566360427896,0.05664854672475512,1.0271562155605112,0.6038942552826373,-1.0432344247331633,1
1000,2.039182555023124,1.6302894002802994,0.08521324715914919,1.0586248930976847,54.614647653570024,0.08038130731873232,0.2085452997660622,0.5482412743663833,-0.9747980561053493,1
1000,0.6019452019479918,4.183393228289219,0.18098556080672495,1.6826807644906152,64.53459088325232,0.0903819235401207,0.6662856023777811,0.785697570518085,-0.5643158468881758,1
1000,0.01,2.8373551740879623,0.39060147626140646,3.375060890483005,81.78428365122845,0.1550542663776958,0.703081739583022,0.8400482546537758,-0.47609189544781094,1
1000,0.8777562818277184,2.6171778087967574,0.16100151192714504,1.43390797305717,68.05122697938177,0.13723642058434718,0.6085733625252432,0.7417960288615139,-0.6674370514028619,1
1000,0.15903987337811534,3.0951901439540803,0.38545105281415987,3.512416041364595,76.78579050366716,0.11579988255733795,0.7511796842478278,0.8231584963882002,-0.49477556605648687,2
1000,1.8701862031387737,7.0145359976451225,0.04491749621886094,3.696084802163343,63.43739180412689,0.026255251345563627,0.47111701289849583,0.44146271105725465,-1.4198408421261557,2
1000,1.4894391709601058,8.886809336931698,0.050054403541392005,1.8537201515577728,58.021503469154794,0.01666650113187928,0.7025408893546229,0.44496284405463077,-1.2913039928888677,2
1000,0.8255283354115562,5.575934266199027,0.08972531521953696,3.3976889715221565,64.11370198980836,0.08356331053882153,0.42853516800931274,0.6233892317581536,-0.9311810243746538,1
1000,0.6994843487212358,4.29044739091737,0.3127516138429923,2.001868510211149,63.55888280999993,0.14249561360526586,0.7111163627931342,0.8537513334194828,-0.43189669851312,1
1000,1.8457529715033978,7.0255199406241395,0.05255981014835498,3.8716108205655924,57.36205858922075,0.014476307981935907,0.6388241907643004,0.44958775424669273,-1.5182843607989123,1
1000,1.8280296066560697,2.7812674693241997,0.18276474949783175,0.7893713245041823,76.97988131196276,0.119408543632772,0.7892672405149858,0.7589331989398539,-0.6732685781682595,1
1000,2.081585248597302,7.290260522184344,0.06996939698169974,3.956567518629101,65.63694701035116,0.031905703716217426,0.5899665556122512,0.500273546956356,-1.3319024868738836,1
1000,1.8910371979308012,3.181777248880288,0.22705142673720854,0.790262038102965,78.93789357627634,0.142821818082598,0.5949205898331292,0.8073751033462937,-0.5820241105429534,1
1000,2.1287846100333154,6.146488021918692,0.1252008909549831,3.8394108698379745,61.8990985627209,0.08239234225976778,0.3697763327330555,0.6504290891953318,-0.7515769587337793,1
1000,1.7247617895761478,3.681704806936384,0.01,0.4851427570799057,77.92312958512252,3.980025011079731E-4,0.7316739930948987,0.16554020987887122,-17.019925097194022,1
1000,2.1614327573098953,10.0,0.08515205222773364,3.427103000515874,56.82074981883689,0.022410952104288447,0.6035144906968493,0.4834323183185435,-1.2429026251058772,1
