"ID","Name","Long","Lat","X1961","X1981","X1991","X2001","X2011"
"Del11371","Delhi",77.2437,28.5995,5952080,9611926,12143816,17144995,22424729
"Kol13564","Kolkata",88.3662,22.5401,5283105,9555610,11444058,15979365,17251493
"Mum5791","Mumbai",72.8563,19.0859,4918815,9572124,11348168,14697085,16743028
"Thi18365","Thiruvananthapuram",76.9472999999999,8.46786,2186588,4101904,6248376,7907589,9933080
"Che1928","Chennai",80.2695,13.0823,2832985,4948910,5733455,6925294,8731844
"Ban2011","Bangalore",77.5999,12.9756,2167278,4216647,4625257,5850084,8592776
"Hyd4702","Hyderabad",78.4606,17.4101,2277797,3721380,4381890,5913737,7430649
"Ahm8022","Ahmadabad",72.6,23.0306,2419659,3609028,3774967,4552326,5653127
"Koz1123","Kozhikode",75.7769910789999,11.2586858177,2472627,3057057,4692757,5374130,5536683
"Pun5680","Pune",73.857122,18.517283,1172404,1809061,2294287,3866067,5308230
"Sur6784","Surat",72.8292,21.1969,891112,1481795,1547884,2816053,4527057
"Mal723","Malappuram",76.0838694766,11.0428139886,1665072,2687722,3316694,3947441,4466458
"Jai9995","Jaipur",75.771844,26.895886,493707,1429743,1689784,1922808,3171332
"Luc9871","Lucknow",80.912206,26.856007,1230104,1533390,1704445,2293644,2949426
"Kan9611","Kanpur",80.3253,26.4621,1416162,2032467,2180358,2715555,2918971
"Nag6610","Nagpur",79.0803,21.1432,819057,1302963,1718399,2193592,2604992
"Pat15546","Patna",85.1474,25.6024,325488,359574,600597,2026179,2434151
"Ind7676","Indore",75.865756,22.728895,706888,1129133,1401398,1653282,2209425
"Kal5864","Kalyan-Dombivli",73.091214,19.214046,1100012,1418923,1437561,1925800,2085106
"Agr10306","Agra",78.0183,27.1803,531834,814778,1169380,1449665,1804713
"Lud13002","Ludhiana",75.8544,30.9141,474487,840057,1111337,1506476,1802296
"Bho8043","Bhopal",77.406634,23.259261,593374,912883,1062771,1458416,1795648
"Coi910","Coimbatore",76.956002,10.998763,576867,1025415,1190303,1383128,1777316
"Vis5511","Visakhapatnam",83.302721,17.730364,361157,1060300,1141412,1386359,1731713
"Vad7524","Vadodara",73.1989,22.2953,859089,1160775,1427153,1483478,1704642
"Cha12941","Chandigarh",76.784812,30.73489,408417,685049,889016,1313556,1662834
"Nas6168","Nashik",73.788201,19.996315,501669,646452,808682,1132337,1546780
"Mad423","Madurai",78.1187,9.91744,760275,1002454,1157356,1233786,1451726
"Mee11838","Meerut",77.707826,28.96967,559993,817809,866723,1173480,1415593
"Koc","Kochi",76.21667,10.01667,487600,818000,1139600,1385500,1408987
"Jam13674","Jamshedpur",86.223134,22.792353,538544,1140779,1220814,1175661,1378128
"Raj7568","Rajkot",70.78846,22.289666,463767,594794,792974,1012863,1340789
"Aur6120","Aurangabad",75.329802,19.881144,198631,551894,691174,909681,1229354
"Nal5996","Nalasopara",72.822013,19.419294,133030,247486,271822,608898,1226786
"Amr13126","Amritsar",74.8845,31.6423,25415,47250,55427,1074814,1224690
"Jab8005","Jabalpur",79.931276,23.153079,520778,889142,968851,1112574,1219382
"Var15122","Varanasi",82.9946,25.3514,701034,972667,1189823,1307661,1216113
"Vij3651","Vijayawada",80.6248,16.5113,574030,890709,983286,1104336,1190837
"All9053","Allahabad",81.8439,25.451,416356,797047,1042273,1067055,1179591
"Dha14117","Dhanbad",86.42423,23.788195,434153,640205,698334,855668,1178250
"Imp14839","Imphal",93.949201,24.807362,310727,503740,645948,831755,1177600
"Ran13907","Ranchi",85.3266,23.3685,410846,566472,762005,892183,1138820
"Gwa9450","Gwalior",78.1522,26.226,393058,649670,734010,885835,1137232
"Guw16194","Guwahati",91.7467,26.1795,374761,641383,841057,980449,1136974
"Haj15699","Hajipur",85.20758,25.687193,412619,649052,744804,912921,1136842
"Jod9619","Jodhpur",73.0273,26.2895,396762,524337,687506,896589,1122636
"Ali10989","Aligarh",78.0759,27.8897,341865,489779,598742,747983,1092527
"Sal1369","Salem",78.1572,11.6555,215409,439566,603180,854220,1024820
"Bar11353","Bareilly",79.416004,28.365336,416468,643915,645872,792560,1003958
"Kot8939","Kota",75.840503,25.177681,299332,475665,550420,728313,1001365
"Jal13078","Jalandhar",75.5704,31.3313,325351,483119,592200,816908,982841
"Tir756","Tiruchirappalli",78.693827,10.815137,254077,436248,561905,846198,981453
"Sol4931","Solapur",75.911526,17.663069,300773,537094,604215,872478,951118
"Hub2953","Hubli-Dharwad",75.1382,15.3485,342620,527108,648298,786195,943857
"Bhi6626","BhilaiNagar",81.3541,21.1962,256605,543320,682758,913010,939645
"Tir992","Tiruppur",77.3494,11.1019,244103,390609,426937,584351,931862
"Mys1695","Mysore",76.655504,12.317318,567610,677970,686636,811930,925387
"Mor11688","Moradabad",78.775781,28.836339,162665,357895,603180,646555,896525
"Aga14201","Agartala",91.2931,23.8379,353412,537438,718427,774228,880035
"Bhu7044","Bhubaneswar",85.817,20.2703,98590,116237,217847,678417,849078
"Deh12808","Dehradun",78.0411,30.3137,242070,340225,378490,611897,822600
"Bhi5959","Bhiwandi",73.05428,19.297693,276475,398847,535585,679448,813262
"Gun3530","Guntur",80.4498,16.2915,282978,445500,561221,628807,790296
"Kur3186","Kurnool",78.0452,15.83,169065,241218,280561,357295,764449
"Sah12695","Saharanpur",77.540757,29.969056,213923,330612,416867,523993,733791
"Man1313","Mananthavady",76.0043,11.7949,291447,492066,559060,672938,716967
"Sil17888","Siliguri",88.4214,26.6978,202505,276724,307155,598354,709866
"Muz16552","Muzaffarpur",85.3905,26.1037,226350,411431,444025,568400,691021
"Pon1065","Pondicherry",79.828411,11.936203,133767,248386,262087,569927,672644
"Gor17734","Gorakhpur",83.359994,26.762378,350802,468082,535450,660682,671048
"Bik11207","Bikaner",73.3296,28.0207,207479,406171,419418,533876,655392
"Ero1129","Erode",77.727619,11.342207,255703,440398,488133,546379,651967
"War5099","Warangal",79.601135,17.975601,270453,466850,486354,598497,651327
"Kol4017","Kolhapur",74.2239,16.6964,305198,398127,470374,564138,650613
"Amr6511","Amravati",77.755248,20.926654,205231,394675,421576,549510,646801
"Bha7336","Bhavnagar",72.154541,21.766171,192482,389901,427832,545167,633790
"Tir2333","Tirupati",79.4216,13.6338,200625,338880,379868,306982,627107
"Fir10303","Firozabad",78.3979,27.1533,155928,254171,303863,481814,614895
"Cut7057","Cuttack",85.9003,20.4573,274188,415141,446321,542176,614510
"Nel2558","Nellore",79.984416,14.453515,172733,294601,383421,475655,590711
"Ajm9730","Ajmer",74.6376,26.4503,232652,405498,423031,515235,581448
"Dur14013","Durgapur",87.2816,23.5643,209725,415448,432885,503608,580172
"Asa14155","Asansol",86.9612,23.6897,143482,247963,272698,487639,579100
"Bok14081","BokaroSteelCity",86.146362,23.662424,241044,378559,406259,500505,570496
"Beg15385","Begusarai",86.137,25.4225,186012,297985,337842,481026,569110
"Mal6407","Malegaon",74.5254,20.5552,132735,272814,370798,460067,565354
"Kis13397","KismatBajkul",87.843144,22.002793,226107,375800,408026,478550,559012
"San4301","Sangli-MirajKupwad",74.581184,16.851265,246730,367587,408511,484760,551560
"Nan5884","Nanded-Waghala",77.311119,19.167024,197250,278499,319400,462455,550564
"Jha9064","Jhansi",78.57654,25.444019,233161,362994,411214,465280,549238
"Pan12202","Panipat",76.973,29.3848,189235,245158,256317,421222,542636
"Gul4655","Gulbarga",76.8369,17.3396,214535,286046,310920,430265,532031
"Jam7765","Jamnagar",70.057152,22.463656,266608,396329,401074,539889,531854
"Tir141","Tirunelveli",77.739524,8.721627,100723,130882,155260,444913,523004
"Uda8688","Udaipur",73.7008,24.5786,199394,303819,338450,431917,517227
"Rau13477","Raurkela",84.8719,22.2238,143514,231195,242712,500519,517003
"Ujj7995","Ujjain",75.776785,23.18863,142012,278454,362633,431162,515215
"Bel3173","Belgaum",74.523319,15.866045,319363,577506,405569,482548,511858
"Bha15154","Bhagalpur",86.9748,25.2428,173450,284450,305257,424480,506491
"Gay14681","Gaya",85.0085,24.7881,118484,300863,318767,422359,505689
"Ako6401","Akola",77.0034,20.7102,205357,365638,384370,455577,502583
"Muz12341","Muzaffarnagar",77.7007,29.471,162669,257034,280770,394725,500984
"Man2065","Mangalore",74.8627,12.8742,226447,319793,445126,439787,484785
"Amb12821","Ambala",76.772315,30.385342,144990,201612,212508,410650,469734
"Jal6596","Jalgaon",75.5636,21.0028,83702,232505,242193,368618,460468
"Mat10656","Mathura",77.6701,27.4992,165975,257001,267733,363390,457100
"Bil7388","Bilaspur",82.1647,22.0837,165001,283597,302609,395120,450098
"Tam13547","Tamluk",87.9235,22.2931,194275,312498,343635,386197,446371
"Kul14178","Kulti",86.836447,23.736507,202359,298474,318997,406883,443872
"Dav2599","Davanagere",75.9221,14.4672,161765,289617,293304,371325,441803
"Pat12861","Patiala",76.392,30.3303,120964,220369,270363,344391,433749
"Dhu6583","Dhule",74.768695,20.901141,127847,228096,297790,377914,433157
"Raj4361","Rajahmundry",81.776704,17.006791,244456,433116,466500,451312,431661
"Yam12754","Yamunanagar",77.281898,30.135076,190522,261972,272753,352101,427380
"Bel2833","Bellary",76.9337,15.1444,133042,201579,245391,316766,409644
"Dar16666","Darbhanga",85.8973,26.1571,147358,223769,289389,360316,407117
"His11984","Hisar",75.723,29.1502,158018,246721,258811,354733,404453
"Ahm5868","Ahmadnagar",74.736987,19.093904,207269,370972,422764,368893,398693
"Lat5392","Latur",76.569852,18.395382,147420,189548,202372,305910,396769
"Sha10908","Shahjahanpur",79.909962,27.875241,190175,245085,285489,361516,396639
"Mun15207","Munger",86.474443,25.377987,144180,278055,299759,354755,395961
"Roh11790","Rohtak",76.5823,28.898,93292,211180,240682,323502,391906
"Bar13894","Barddhaman",87.8652,23.2339,162611,264023,280685,338275,388345
"Cha6110","Chandrapur",79.297344,19.958329,173268,244952,276579,351910,385350
"Vel2024","Vellore",79.137318,12.921237,134286,229979,275579,336169,382790
"Bra6950","Brahmapur",84.7949,19.3154,158631,208751,220151,323717,382611
"Kak5520","Kakinada",82.234678,16.938618,209530,359519,370227,393770,377223
"Har12656","Hardwar",78.107155,29.92847,157579,215079,258957,269838,374189
"Bhi9021","Bhilwara",74.6303,25.3452,136470,182396,193047,290459,372434
"Sag8311","Sagar",78.738146,23.843872,208061,299889,277376,313237,369947
"Ich4132","Ichalkaranji",74.4654,16.6858,157595,245318,262735,318571,369782
"Vap6340","Vapi",72.927098,20.366301,63805,109604,116717,227795,368792
"Kor13443","Korba",82.727946,22.366639,71603,120640,126938,319352,368058
"Ram11612","Rampur",79.029706,28.806788,141986,216840,257878,305117,358919
"Sil14981","Silchar",92.7778,24.836,121975,190826,208714,306357,358707
"Tho160","Thoothukkudi",78.1292,8.79869,246907,325615,351531,297247,357275
"Pal823","Palakkad",76.6572030338,10.7698508056,223844,302774,346147,387512,356874
"Alw10675","Alwar",76.6204,27.5678,179883,214132,226162,291851,345864
"Far10533","Farrukhabad-cum-Fatehgarh",79.57651,27.391413,134086,197949,235180,284354,345055
"Eng14954","EnglishBazar",88.1479,25.0066,147775,208738,221659,260139,343989
"Cud2606","Cuddapah",78.8281,14.4793,148855,268595,305249,277012,341823
"Niz5486","Nizamabad",78.0938,18.6708,82218,193067,253007,303971,334667
"Bih15073","Bihar",85.520463,25.192639,122598,175051,218504,254983,326840
"Bij4174","Bijapur",75.706038,16.829653,91334,147313,193131,253891,326360
"Bat12816","Bathinda",74.9415124512999,30.2079610907,64139,150688,188231,252659,322750
"juin-05","Junagadh",70.463934,21.52006,129761,165394,187162,257640,322477
"Shi2385","Shimoga",75.567438,13.93932,101695,151783,193028,274352,322428
"Tum2215","Tumkur",77.104711,13.343424,73276,176376,189940,260271,320910
"Kar12507","Karnal",76.9889,29.6855,120193,180909,198683,252660,319224
"Ana7694","Anand",72.949872,22.557168,142662,218079,269471,279756,314140
"Pur16098","Purnia",87.4731,25.7695,59188,133118,144585,221992,311295
"Sam16081","Samastipur",85.7794,25.8653,110831,189304,213351,261284,310774
"Tha814","Thanjavur",79.133326,10.790739,124508,223560,245852,274083,309810
"Dib18350","Dibrugarh",94.9283,27.4793,79107,125706,133693,148488,308319
"Hab13802","Habra",88.6602,22.8429,110470,199304,215292,267398,307681
"Par5908","Parbhani",76.77021,19.268881,122905,180742,190255,259329,307191
"Kha13495","Kharagpur",87.3324999999999,22.3450999999999,127017,213503,271305,284090,302274
"Aiz14411","Aizawl",92.716307,23.729441,97500,145721,160300,233737,298350
"Son11880","Sonipat",77.0171,28.9929,89275,144994,154454,242001,289729
"Dew7866","Dewas",76.0512,22.9658,77936,149876,164364,231672,289438
"Hap11677","Hapur",77.77797,28.728921,91245,147218,159811,230354,285816
"Fai9916","Faizabad",82.1472,26.7801,93334,160384,186380,243584,285602
"Jal6064","Jalna",75.898276,19.844514,101567,163818,174985,235795,285349
"Bah14457","Baharampur",88.2612,24.107,114264,165496,177530,238193,284225
"Jor18285","Jorhat",94.2137,26.7576,119785,171550,176465,190147,281108
"Kol41302000","Kollam",76.56667,8.883333,124300,258600,362500,380000,280704
"Sat8661","Satna",80.833007,24.580894,68614,152475,160500,229307,280248
"Gan8205","Gandhidham",70.130885,23.066006,89135,108853,115497,170211,279975
"Nag14","Nagercoil",77.42971,8.193792,151242,209716,233488,256871,279470
"Mau16143","MaunathBhanjan",83.56,25.9482,62047,121660,136697,212657,279060
"Ana2698","Anantapur",77.6038,14.6776,98312,169504,183103,252298,276190
"Rat8150","Ratlam",75.038562,23.327367,85887,153852,195776,234419,273894
"Arr15587","Arrah",84.671515,25.564517,91077,159844,168022,213821,273596
"Kar5384","Karimnagar",79.1357,18.4352,51108,124880,156441,226791,271038
"Jan14604","Jangipur",88.062549,24.466841,88239,146587,167650,208590,271026
"Elu3890","Eluru",81.107055,16.711796,145398,358914,251360,264205,270175
"Kan1962","Kancheepuram",79.7061,12.8324,118609,156447,198352,218378,269703
"Mor9662","Morena",78.0013,26.4973,108160,165908,174592,185294,265096
"Din621","Dindigul",77.972512,10.367097,109013,203291,227144,237482,262660
"Eta9931","Etawah",79.021178,26.774997,70841,114710,126741,213116,259828
"Nav6619","Navsari",72.930181,20.94521,127551,234280,247746,249613,258961
"Sik10819","Sikar",75.1498,27.619,81696,149227,159881,201042,255083
"Sur7816","SurendranagarDudhrej",71.632125,22.732235,92448,138463,156205,219585,253582
"Kum919","Kumbakonam",79.379228,10.965104,91529,194664,219441,233649,252332
"Kat15735","Katihar",87.5768,25.5306,79783,147173,170100,213105,252310
"Cha15944","Chapra",84.7541,25.7806,92651,149621,162077,215739,252231
"Bha10308","Bharatpur",77.503479,27.218225,55143,149036,156880,205235,252109
"Ran13904","Ranaghat",88.571006,23.172585,180091,206755,225533,224526,251166
"Kha12935","Khanna",76.2262,30.7029,76387,115961,141862,199066,250333
"Hal13458","Haldia",88.135184,22.076559,78172,107603,137659,211644,248888
"Sam11511","Sambhal",78.5725,28.5858,92846,120607,165841,202887,247596
"Yav6249","Yavatmal",78.1346,20.391,85718,137174,158918,209625,244925
"Lal14548","Lalgola",88.2522,24.4219,69351,122049,131930,196932,241384
"Bul11437","Bulandshahr",77.8616,28.4033,70026,112650,138337,190253,241371
"Rai15773","Raiganj",88.1307,25.6276,123695,185387,197303,214224,238824
"Eru274","ErumeliSouth",76.8426226944999,9.46531098248999,109904,160582,169784,229609,238573
"Rew8616","Rewa",81.3021,24.5436,73257,122279,133812,188957,238411
"Viz5616","Vizianagaram",83.41302,18.116039,117868,182056,196388,199967,238174
"Roo12627","Roorkee",77.885438,29.876732,76865,109478,119589,180684,237503
"San13929","Santipur",88.436948,23.246231,78284,147317,169618,212546,234512
"Mir9042","Mirzapur-cum-Vindhyachal",82.565347,25.143583,124088,156810,178450,218208,233691
"Nad7822","Nadiad",72.860462,22.693164,112782,171610,183136,210583,232985
"Rai3478","Raichur",77.3568,16.2079,79848,124762,170577,207421,232456
"Ull1960","Ullal",74.8609,12.8183,84386,141412,166965,203959,231867
"Gan8173","Gandhinagar",72.654695,23.232955,114490,132976,137378,214955,231796
"Cud1318","Cuddalore",79.766295,11.751832,96457,160691,183955,203493,231496
"Jal17686","Jalpaiguri",88.7193,26.5318,100633,150482,175816,211805,231250
"Ong2958","Ongole",80.0499,15.502,79660,141713,148757,178007,230951
"Gan12654","Ganganagar",73.885747,29.915199,107589,128190,166167,228370,230846
"Pal9262","Pali",73.3210312972999,25.7778668718999,85266,127263,136842,187641,229956
"Sat4961","Satara",74.0061,17.6905,84441,149820,170159,187620,229869
"Ala41108000","Alappuzha",76.31667,9.5,138900,169900,264900,282700,229742
"Ram5687","Ramagundam",79.510641,18.750788,118854,212240,214384,236600,229632
"Chi2211","Chirala",80.360945,15.83294,87706,204316,230985,213142,223563
"Mur8353","Murwara",80.394561,23.837353,100918,155259,163431,187029,221875
"Sam7125","Sambalpur",83.9729,21.4623,84655,148797,160381,188953,221603
"Pur7005","Puri",85.822548,19.806772,72690,127288,135336,170819,218691
"Bid5036","Bidar",77.524881,17.914678,77308,128701,135380,177533,215567
"Bah10677","Bahraich",81.596598,27.572274,89869,139245,149066,187119,213993
"Amr11751","Amroha",78.468,28.9046,87335,117031,145898,177117,213118
"Bha7321","Bharuch",72.9953,21.7078,96726,136265,150761,187895,212819
"Bhu6663","Bhusawal",75.782585,21.043508,102919,145133,168513,196012,211604
"Bur6791","Burhanpur",76.231269,21.312882,62895,165514,172710,193725,210891
"Kri14002","Krishnanagar",88.4891,23.4023,78441,143522,159723,189421,209928
"Bid5845","Bid",75.758035,18.991717,64372,98414,130661,170527,208435
"Haz14285","Hazaribag",85.3634,23.992,74040,111784,129201,173840,206995
"Hos2889","Hospet",76.3879,15.2722,66904,115351,134799,164240,206159
"Hal11977","Haldwani-cum-Kathgodam",79.5298,29.2191,82380,125745,129196,185210,206057
"Kat14239","Katras",86.2891,23.8156,67159,101311,127034,161702,205831
"Bet17914","Bettiah",84.501789,26.806244,74340,112991,123308,170309,205248
"War6452","Wardha",78.598719,20.741342,85187,124649,142842,169434,204751
"Gan13387","Ganespur",88.188438,21.870148,71758,105149,113310,173210,204705
"Mor7897","Morvi",70.83156,22.81264,48570,127462,132730,195066,204509
"Deo14607","Deoghar",86.698811,24.49191,38293,69415,78032,100485,203116
"Nag17589","Nagaon",92.678105,26.350167,50710,119187,146213,177805,201172
"Lak11027","Lakhimpur",80.779135,27.949279,34295,76538,97166,151284,201079
"Nan2988","Nandyal",78.476919,15.476903,72337,114820,119813,157120,200746
"Kha7291","Khandwa",76.3483,21.8217,92377,137876,145133,172242,200681
"Por7200","Porbandar",69.613601,21.642495,138536,177146,186195,197382,199835
"Rae9484","RaeBareli",81.239205,26.220475,69314,132024,134130,174863,197955
"Bhi11753","Bhiwani",76.1386,28.7929,85506,115548,121629,169531,197662
"Bhi9744","Bhind",78.7862,26.565,70902,104267,109755,153752,197332
"Med13601","Medinipur",87.327109,22.42751,90987,133563,146089,171519,196879
"Pro2712","Proddatur",78.5524,14.7543,82202,154623,184274,179357,196875
"Kha4645","Khammam",80.145336,17.254834,83320,148757,155534,206920,195549
"Mag13557","Magrahat",88.378979,22.238481,78560,137114,145677,163306,195322
"Pat13184","Pathankot",75.6525,32.2726,76769,124095,143995,209690,195306
"Ten3491","Tenali",80.647166,16.239976,46707,141469,169189,180667,194866
"Fat9309","Fatehpur",80.81368,25.928189,50049,100097,117675,152078,193801
"Hos1976","Hosur",77.830574,12.732895,31481,50116,54948,107909,193112
"Sit10711","Sitapur",80.680525,27.570841,37099,104904,126237,160528,192877
"Aur14653","Aurangabad",88.042413,24.599536,56726,109608,114360,147878,190760
"Fir13032","Firozpur",74.60916,30.934249,64437,119281,146798,177074,190001
"Sit17519","Sitamarhi",85.5031,26.5921,75082,106102,118357,142248,188740
"Mah8374","Mahesana",72.3831,23.6063,74832,111251,117118,151714,188090
"Mot17634","Motihari",84.9235,26.651,60900,107234,119368,154990,187603
"Ora9347","Orai",79.4541,25.9861,68459,93780,98716,139318,187185
"Sir12469","Sirsa",75.0302999999999,29.5321,65422,106941,116098,164567,187120
"Gun8708","Guna",77.31,24.649283,37252,96820,101978,139759,186057
"Hos13116","Hoshiarpur",75.912482,31.529841,94884,117136,132581,163005,185771
"Bel17701","Belsor",91.3481,26.3845,86146,146760,155969,173691,182839
"Bhi3773","Bhimavaram",81.526134,16.541546,89979,139535,157641,179040,182669
"Deh14706","Dehri",84.1837763773999,24.902454021,92108,115856,124555,155567,182608
"Mod11720","Modinagar",77.57123,28.824084,70770,123147,132910,153406,182047
"Ank7253","Anklesvar",73.001502,21.636767,56797,90026,104663,158258,181374
"Shi8976","Shivpuri",77.6559,25.4221,53370,100698,108277,146892,179972
"Unn9725","Unnao",80.488078,26.543065,64294,102054,107425,144662,178681
"Gon6869","Gondiya",80.193691,21.4573,95033,128545,144107,157524,177775
"Siv305","Sivakasi",77.798848,9.451495,75705,125155,143998,171397,177202
"Gan7120","Gangasagar",88.080668,21.638637,75166,111223,120130,155197,175833
"Jin12184","Jind",76.315139,29.316091,62245,83016,92010,144987,175713
"Bad5865","Badlapur",73.239699,19.163732,33204,75463,84790,97948,175516
"Siw16769","Siwan",84.3549,26.226,52094,93312,105666,142788,175500
"Bud11115","Budaun",79.124822,28.036439,65492,99091,124279,160106,174241
"Sah16292","Saharsa",86.5916,25.876,47426,86144,91839,141734,174110
"Pil11534","Pilibhit",79.803668,28.631254,71486,104747,124503,153976,173691
"Kar14543","Karimganj",92.362554,24.869423,76330,109602,118059,149000,173518
"Ris12755","Rishikesh",78.3001,30.1042,67240,108668,119860,125836,172932
"Gad2963","Gadag-Betigeri",75.6276,15.4287,63379,117368,134051,154982,172813
"Bal14541","Balurghat",88.776694,25.234221,68935,131473,137791,157235,172802
"Udu2242","Udupi",74.7464,13.3354,82970,137018,155390,170863,171858
"Mac2210","Machilipatnam",81.134574,16.184915,112209,138530,159110,179353,170008
"Shi18366","Shimla",77.169038,31.104179,50135,77131,82054,142555,169758
"Jug13558","Jugdia",88.432779,22.255144,76014,127574,145044,145598,169306
"Naw10022","Nawabganj",81.190986,26.92718,34898,93584,100704,135430,168990
"Tir1631","Tiruvannamalai",79.071922,12.231237,55961,109802,118106,144451,168961
"Naw14719","Nawada",85.543314,24.8854,48226,73636,81042,131178,168932
"Mah4007","Mahbubnagar",78.002822,16.750727,63225,94768,124901,150068,168513
"Bag13614","Bagnan",87.972376,22.46496,86612,131814,145474,146237,168232
"Jau15813","Jaunpur",82.688199,25.753408,104431,125820,136062,160055,168128
"Hat10754","Hathras",78.051584,27.595523,89429,120134,129969,149318,168061
"Koc17342","KochBihar",89.4492,26.3354,49488,106154,112662,153787,167220
"Ado3038","Adoni",77.27563,15.628417,77408,129013,136182,162458,166537
"Bel14337","Beldanga",88.2434,23.9343,62880,101417,106310,134812,165722
"Ton9391","Tonk",75.789119,26.169538,59320,92687,100235,135689,165363
"Chi775","Chittur-Thathamangalam",76.7400322631,10.6936243961,91278,148667,161302,159226,164542
"Abo12818","Abohar",74.20064,30.141271,61146,91747,113990,137780,164500
"Kha15658","Khagaria",86.468,25.5046,46815,90420,100562,132584,164408
"Sas14766","Sasaram",84.0138,24.955,64366,108340,110892,144597,164316
"Aur","Aurangabad2",88.042413,24.599536,44814,109608,114360,147878,164163
"Chi2160","Chittoor",79.094555,13.214943,75848,133276,141030,161763,164016
"Tha12720","Thanesar",76.8373,29.9685,43544,83309,86720,128986,163615
"Rud11795","Rudrapur",79.3966273162999,28.975655497,41815,62743,74437,107171,163560
"Raj6559","Rajnandgaon",81.035063,21.093377,84562,119102,125371,143770,163122
"God7839","Godhra",73.61404,22.774802,55034,96430,104895,135725,161918
"Dim16938","Dimapur",93.730776,25.9002,42238,66447,70241,134534,160963
"mars-13","Margao",73.9611,15.2808,60082,102920,107335,139766,160423
"Kis9800","Kishangarh",74.857053,26.584957,64023,77431,84008,119199,159342
"Gir14371","Giridih",86.3074,24.1857,50481,94070,100679,131725,158737
"Ban9074","Banda",80.3335,25.4774,70521,90767,98123,141648,158699
"Jay13490","JaynagarMazilpur",88.4214,22.1683,72181,111536,119452,138110,157843
"Bhi11291","Bhiwadi",76.8404,28.2116,23182,38911,43369,78705,157522
"Bal13356","Baleshwar",86.9258,21.5015,54705,110561,128865,161230,157367
"Che1921","Chengalpattu",79.980412,12.686268,56236,101543,109333,123922,157217
"Nab14006","Nabadwip",88.3638,23.4125,82150,139338,145907,143610,157109
"Han12544","Hanumangarh",74.301624,29.630117,49426,71239,86499,134576,156888
"Bas13681","Basirhat",88.8608790443,22.6576832299,82004,118029,123177,138175,156776
"Bat13148","Batala",75.2038474081,31.8110492512999,58380,87135,103367,147872,156400
"Mog13020","Moga",75.1739,30.8275,74522,110535,115184,140338,156353
"Tan4018","Tanuku",81.685774,16.751856,75665,114401,132797,144969,156152
"Pol753","Pollachi",77.0077,10.6568,55990,123726,139631,146818,155988
"Vid8175","Vidisha",77.8086,23.5252,59628,86417,92922,125453,155959
"Kov240","Kovilpatti",77.871775,9.173573,53280,82646,101034,127324,155416
"Hin2391","Hindupur",77.493224,13.830526,62748,92200,106658,127371,154460
"Pal11226","Palwal",77.325295,28.143933,30076,68074,71484,115211,154321
"Bhu8262","Bhuj",69.671912,23.244035,67562,123144,124422,142019,154232
"Ver6724","Veraval",70.369384,20.908282,47779,82378,96915,158032,153696
"Kai12605","Kaithal",76.3982,29.8031,38959,68679,76100,123117,153024
"Bea9550","Beawar",74.3133,26.1015,56015,101591,109264,129939,152245
"Ban13886","Bankura",87.0725,23.234,70151,118124,123375,138977,151931
"Kas12050","Kashipur",78.963,29.2106,43536,66348,75316,105876,151691
"Bha2365","Bhadravati",75.703,13.8504,91424,130606,149257,160662,150776
"Wad6103","WadgaonKolhati",75.233323,19.842311,42118,55078,59108,75433,150605
"Cha13651","Chanipat",87.799812,22.569273,69303,110655,124013,130760,150522
"Ran14060","Raniganj",87.116127,23.612859,55891,159395,161399,128172,149495
"Rup18054","RupahiTown",92.744157,26.414849,60589,99462,106149,140782,148569
"Mho7602","MhowCantt",75.766882,22.556938,62691,91708,108749,135465,147781
"Kar953","Karur",78.0818,10.9611,79178,109028,117352,127448,147685
"Rai13376","Raigarh",83.3964,21.8961,77275,93341,96427,124041,146482
"Rob1989","RobertsonPet",78.2694,12.956,33604,61099,68230,157084,146428
"Chi2538","Chitradurga",76.400506,14.229311,52904,77588,107059,130346,145798
"Mad17165","Madhubani",86.0668,26.3525,46650,85251,93088,120019,145787
"Amb1981","Ambur",78.717256,12.788735,57728,85613,97923,124760,145774
"Chh8760","Chhatarpur",79.590018,24.917531,48307,76322,78714,112544,145733
"Bag18190","Bagaha",84.078204,27.110083,52291,79429,85550,119215,145036
"Jam14173","Jamuria",87.077554,23.708074,13619,21966,23368,129484,144971
"Shi15540","Shillong",91.876,25.57,158028,192717,200747,132867,143007
"Tin18354","Tinsukia",95.3638,27.4806,71954,87380,89006,121438,142809
"Mak10225","Makrana",74.7251,27.0396,44502,75694,83001,116507,142695
"Dal14271","Daltonganj",84.0752,24.0376,60702,78258,83013,114642,142026
"Nal4441","Nalgonda",79.274398,17.061666,27622,70314,93181,120871,141559
"Man8514","Mandsaur",75.068544,24.075804,56577,98767,104303,122400,141468
"Bag13949","Bagula",88.6467,23.3381,50211,89652,94410,123996,141020
"Rew11237","Rewari",76.6181,28.1998,22414,64041,75342,105138,140864
"Sag14437","Sagarpara",88.699004,24.228284,49736,83072,89515,122465,139909
"Adi5992","Adilabad",78.531,19.6723,47816,99616,102325,129403,139604
"Mad2264","Madanapalle",78.5003,13.5572,41486,69235,89991,132806,139233
"Kol2121","Kolar",78.128599,13.139492,40817,65834,83287,113907,138553
"Mai10362","Mainpuri",79.029097,27.225001,39201,71464,91221,119909,138341
"Chh7364","Chhindwara",78.9372,22.0592,54628,91047,96858,153552,138266
"Has2104","Hassan",76.101688,13.013976,62016,110359,116627,130815,138199
"Van1919","Vaniyambadi",78.615415,12.678506,72924,98845,105482,119506,137827
"Cha11449","Chandausi",78.7841,28.4484,62096,73552,91028,118514,137797
"Man1861","Mandya",76.8958,12.5262,50143,100285,120265,131179,137735
"Doh7860","Dohad",74.2595,22.835,68599,114593,118816,116757,137362
"Val6424","Valsad",72.926772,20.609667,71165,122904,152161,156277,137185
"Pur13917","Puruliya",86.3636,23.3313,66596,97692,103359,126836,136620
"Kiz722","Kizhakkencheri-I",76.4863522337,10.572247708,57488,104584,121323,129567,136412
"Sha12328","Shamli",77.310899,29.448596,39380,68116,91417,113853,135948
"Mal12909","Malerkotla",75.880196,30.529833,18412,65756,88600,107009,135330
"Raj310","Rajapalayam",77.556372,9.446732,71723,104249,117725,126320,135017
"The468","TheniAllinagaram",77.4804,10.0284,29236,80905,96784,116770,134645
"Nee8645","Neemuch",74.886138,24.456708,46266,67858,92396,115364,134068
"Lal8687","Lalitpur",78.4218,24.6919,48298,69997,79870,111892,133041
"Har10511","Hardoi",80.126708,27.393564,47222,87762,111440,144317,132993
"Anu7086","Anugul",85.090339,20.834279,48878,73329,79506,112314,132705
"Bux15575","Buxar",83.9811,25.5734,47814,74316,82002,117544,132669
"Mau16633","Maura",86.8528,26.0613,31755,48911,53447,103123,132583
"Khu11336","Khurja",77.852485,28.2552,53486,70760,84442,110149,132472
"Nar3517","Narasaraopet",80.04608,16.235778,36298,74254,96682,107053,132305
"Pha13072","Phagwara",75.772226,31.226958,55422,84296,101281,121347,132228
"Jag5849","Jagdalpur",82.0267,19.0874,44287,90017,94594,99774,131989
"Gur40706000","Guruvayur",76.03333,10.58333,45400,90000,118700,138700,131696
"Gud2077","Gudiyatham",78.871428,12.950325,57665,101772,109212,122527,131381
"Sri5635","Srikakulam",83.9002,18.2951,51681,72036,93508,123526,130938
"Mug15118","Mughalsarai",83.120932,25.283783,61654,92281,101127,130200,130551
"Bot7535","Botad",71.665144,22.169351,31914,61373,64603,100194,130302
"Pat8492","Patan",72.1176,23.8502,75925,111527,122457,117012,130023
"Gan9643","GangapurCity",76.7307,26.4786,56790,71727,75299,105396,130016
"Bha7105","Bhadrak",86.523676,21.053893,47624,90526,94602,116033,129977
"Gud3625","Gudivada",80.993091,16.436924,30099,87989,110220,122631,129837
"Deo17295","Deoria",83.781,26.5027,58137,86207,91938,118645,129570
"Tez18150","Tezpur",92.7983,26.6333,47489,69467,82242,133752,128719
"Uda","UdaipurNP",91.497094,23.535694,50460,101296,106668,123975,128164
"Vil1545","Viluppuram",79.493637,11.947381,56834,94600,108854,116917,127793
"Pal8594","Palanpur",72.4362,24.1717,58927,86658,90269,122300,127125
"Kar4616","Karad",74.181152,17.286755,57707,87605,92438,107259,126484
"Chi8814","Chittaurgarh",74.6259,24.8883,42642,74521,78689,104216,126479
"Gun2843","Guntakal",77.376223,15.166359,55754,92924,107592,117103,126479
"Dha9828","Dhaulpur",77.899735,26.686549,17076,65678,68533,97795,126142
"Pud614","Pudukkottai",78.823494,10.381213,65077,92828,104728,115643,126130
"Kri1830","Krishnagiri",78.2206,12.519,58107,75848,90642,102417,125488
"Sul9503","Sultanpur",82.074124,26.25844,38225,72263,84484,112356,125408
"Dam8391","Damoh",79.437298,23.831526,76955,103993,105043,127967,124979
"Hos7666","Hoshangabad",77.7271,22.753,26121,74040,75907,103469,124894
"Lak15033","Lakhisarai",86.1042,25.1905,32410,62387,65876,96960,124316
"Ana5577","Anakapalle",83.008795,17.689242,48619,101163,113792,119594,124282
"Jet7382","JetpurNavagadh",70.623457,21.756775,53388,85526,100324,109066,123520
"Kha6356","Khamgaon",76.567158,20.705693,39060,75991,88918,109828,122978
"Dar18228","Darjiling",88.265185,27.039766,51503,66160,74367,109298,122684
"Dha2584","Dharmavaram",77.713067,14.413759,47014,67163,78961,103357,121992
"Jhu11254","Jhunjhunun",75.400186,28.128569,37789,68296,74191,103069,121962
"Chi2193","Chikmagalur",75.773328,13.323578,45038,62845,63651,104494,121623
"Muk12934","Muktsar",74.5177,30.47,29927,53630,69990,88722,121025
"Saw9378","SawaiMadhopur",76.3552,26.014,44548,73029,77690,101997,120998
"Tel14332","TeliamuraNP",91.632245,23.840746,55307,93970,99598,111237,120891
"Chu11398","Churu",74.9707,28.293,39725,62070,82852,101874,119846
"Koh16681","Kohima",94.101732,25.658649,35977,56042,64019,93167,119622
"Pur14454","PurbaNalichhara",91.831579,23.94526,46678,84897,89850,101138,119224
"Kal366","Kalkoonthal",77.0415016787,9.81474063059999,53943,94645,103913,114411,118919
"Eta10734","Etah",78.658603,27.560116,53357,85319,89555,123102,118632
"Bar5281","Barshi",75.693549,18.236088,51368,75541,88810,104785,118573
"Bij12234","Bijnor",78.135883,29.368843,48921,65562,76478,96026,118559
"Bar8899","Baran",76.5127,25.1028,29073,54129,59271,80734,118157
"Kal8208","Kalol",72.498111,23.242557,52612,89977,100883,124951,117985
"Amb8109","Ambikapur",83.1975,23.1232,37204,63806,66680,98653,117823
"Udg5330","Udgir",77.1159,18.3932,39215,69822,78234,100595,117818
"Mir4224","Miryalaguda",79.5635,16.8741,40946,68390,75981,103041,117711
"Tir1824","Tirupathur",78.5674,12.4908,38385,70655,91351,101738,117355
"Kha6158","Khaira",72.756657,19.780339,17538,29862,32413,79988,116781
"Dha1635","Dharmapuri",78.1621,12.1381,46630,79024,89059,99679,116537
"Tad4126","Tadepalligudem",81.525339,16.81557,74261,93076,101907,115592,116466
"Bar12890","Barnala",75.543781,30.370759,42679,61853,75430,96624,116454
"Shi13835","Shimulpur",88.777846,22.924014,47364,75229,82649,103585,116388
"Shi10261","Shikohabad",78.587561,27.107053,45060,63402,68674,95487,115787
"Aru320","Aruppukkottai",78.093495,9.509726,61657,89443,98399,109257,115657
"Raj12894","Rajpura",76.5963,30.4856,38815,65347,79059,95604,115308
"Gon7458","Gondal",70.798209,21.960481,45026,81560,84057,100197,115014
"Kam6712","Kamptee",79.195776,21.216378,63333,90873,87599,107845,114977
"Pan3050","Panaji",73.812454,15.482545,58725,100765,107883,88665,114759
"Bon17726","Bongaigaon",90.5549,26.4819,49063,65077,69087,102505,114714
"Bas17837","Basti",82.7372202898,26.7955505858,56116,88129,95771,120069,114651
"Kis16645","Kishanganj",87.952732,26.103211,32535,56612,68232,91067,114471
"Gon10282","Gonda",81.967638,27.131008,65849,107482,115725,154759,114353
"Sid5203","Siddipet",78.8501,18.101,29287,56573,70152,92480,114091
"Jeh15092","Jehanabad",84.993,25.2151,27888,53621,59148,90134,113368
"Ita7600","Itarsi",77.773871,22.615419,31653,83278,106417,106922,112833
"Sur4568","Suryapet",79.6245,17.1407,29547,46746,64680,100274,112821
"Bar13372","Baripada",86.7440921497999,21.9313621189,46832,69941,70661,102725,112737
"May1011","Mayiladuthurai",79.6518,11.0994,51937,86581,96593,106515,112657
"Bar9134","Barmer",71.392006,25.742418,35312,58583,72842,92787,112512
"Ara16741","Araria",87.46268,26.131985,26960,54766,59083,85386,112473
"Tad2759","Tadpatri",78.0114,14.909,45610,70685,74746,90871,112430
"Kar465","Karaikkudi",78.7676,10.0707,40283,73384,78551,94066,112331
"Con13388","Contai",87.7464,21.7773,35217,64224,67222,94608,112296
"Ach6689","Achalpur",77.5098,21.2562,58556,90086,96229,107316,112293
"Osm5235","Osmanabad",76.03974,18.179466,35687,67607,78133,92311,112085
"Bag3445","Bagalkot",75.7025,16.1881,46822,67858,76903,90988,112068
"Bar","Barmer1",71.392006,25.742418,28106,58583,72842,92787,111971
"Chi14232","Chittaranjan",86.9036,23.8476,54445,87153,96074,109822,111764
"Kat14158","Katwa",88.1316,23.6443,48294,79753,83351,99347,111695
"Akb9960 -9605","Akbarpur",82.537925,26.41979,28703,47925,53756,51285,111447
"Dee8639","Deesa",72.177585,24.255305,16114,55567,62435,83382,111149
"Nan6774","Nandurbar",74.2423,21.3687,37275,65394,78378,94368,111067
"Aza16414","Azamgarh",83.184559,26.069554,49081,81271,89477,108271,110980
"Por5510","PortBlair",92.747021,11.66211,50257,77158,80488,106493,110916
"Gha15573","Ghazipur",83.5788,25.5907,58511,73939,78064,105320,110698
"Ran2071","Ranipettai",79.3258,12.9347,58028,85513,95963,106237,110455
"Bir13628","Birlapur",88.155759,22.425447,95234,150376,159356,99485,110304
"Chh13544","ChhotaMollaKhali",88.904745,22.217695,42997,81627,87321,95913,110231
"Han12014","Hansi",75.969719,29.094143,43083,63582,73650,92214,110119
"Bar12001","Baraut",77.2631,29.1018,29093,63942,74364,92410,110110
"Bar7136","Bargarh",83.615,21.333,38960,56954,60430,88329,109788
"Ban8287","Banswara",74.445867,23.546457,50257,68729,72694,93660,109532
"Nam1066","Namakkal",78.1674,11.2235,26706,71083,78142,89093,109466
"Hin9919","Hindaun",77.0303,26.7353,36576,53474,62678,87391,109351
"Bet7329","Betul",77.893728,21.903464,36581,63139,66396,87470,109012
"Tar13754","Tarakeswar",88.011762,22.882049,52191,80711,86473,99062,108906
"Chi1182","Chidambaram",79.691854,11.400421,47427,85083,90150,92930,108888
"Seh7990","Sehore",77.085962,23.20524,25051,52190,71945,92518,108818
"Bol14135","Bolpur",87.697308,23.660247,28959,58547,71483,89509,108724
"Kal2094","Kalinjur",79.132597,12.948344,34120,53379,63848,81339,108315
"Cha6329","Chalisgaon",75.005208,20.465071,39890,62376,80580,98387,108181
"Eda1168","Edakkara",76.2939591951,11.3744604909,41696,77473,84624,97726,107895
"Kot12961","KotKapura",74.825033,30.583568,37033,58961,76211,94240,107788
"Dha6291","Dhamtari",81.5475,20.7091,44232,63839,75146,89722,107762
"Map3051","Mapusa",73.813242,15.591756,46143,75553,89237,107244,107214
"Man3691","Mangalagiri",80.567865,16.428438,34727,50874,64263,69452,107197
"Bel9322","BelaPratapgarh",81.996125,25.916492,47931,78150,81650,93982,107154
"Kha7318","Khargone",75.610574,21.820689,37979,52749,66786,103448,106452
"Ran2685","Ranibennur",75.631778,14.622455,39520,58118,67442,89618,106365
"Kot4828","Kothagudem",80.6174,17.5519,75416,108196,117323,105266,106059
"Amr7303","Amreli",71.21315,21.598366,30313,65898,69366,95307,105980
"San12830","Sangrur",75.841778,30.244937,35621,53787,67081,91014,105710
"Ney1359","Neyveli",79.499776,11.609771,72172,98866,118080,127552,105687
"Rat3833","Ratnagiri",73.2921,16.9931,46380,76214,78561,94693,105686
"Ara1576","Aralam",75.7299814296,11.9599002519,44088,74422,89623,98502,105641
"Gan2965","Gangawati",76.529389,15.430659,38178,58735,81156,101392,105354
"Dam6393","Daman",72.833265,20.415516,45566,70038,74230,72922,104688
"Bha6647","Bhandara",79.6561,21.1709,47227,64355,80808,95473,104353
"Bal15861","Ballia",84.153108,25.756795,66184,109694,119552,153502,104271
"Dab9256","Dabra",78.3294,25.8842,19094,43150,56996,79434,104197
"Pas13623","PaschimBainan",87.9452,22.5065,37708,68744,78318,90354,104066
"Jag5711","Jagtial",78.9194,18.794,27139,53213,67591,85521,103930
"Sik11482","Sikandrabad",77.69881,28.452367,37266,56164,66239,80906,103822
"Ram270","Ramanathapuram",78.8265,9.37121,48530,71826,80208,92308,103793
"Him8358","Himatnagar",72.9668,23.5946,40863,57076,59743,69469,103739
"Ama3827","Amalapuram",81.999511,16.568789,50108,78229,86628,98290,103538
"Kar884","Karaikal",79.80569,10.944664,54912,74149,75392,87523,103415
"Nag730","Nagapattinam",79.8422,10.767,51353,82828,86489,93148,102838
"Bun8983","Bundi",75.6434,25.4394,25776,47734,65047,88871,102823
"Seo7395","Seoni",79.5496,22.0907,34150,54207,64532,89801,102377
"Far12951","Faridkot",74.755439,30.669542,37692,47308,64086,89632,101985
"Kap13097","Kapurthala",75.381203,31.379376,33198,50300,64567,85686,101654
"Chi3407","Chilakaluripet",80.16762,16.088069,41919,61645,79142,91656,101550
"Suj10926","Sujangarh",74.4666,27.7028,33882,55544,70843,83846,101528
"Aur14638","Aurangabad",84.3779,24.7513,198631,551894,575978,79393,101520
"Bil6536","Bilimora",72.971234,20.766747,53383,80331,85548,96052,101363
"Mor2914","Mormugao",73.792602,15.406648,45234,72859,90142,104758,101326
"Gan18322","Gangtok",88.6124,27.326,30931,41562,43217,55891,101308
"Kas10914","Kasganj",78.6481,27.8073,46442,74866,78993,97794,101241
"Tan10425","Tanda",82.6619,26.5522,37090,67799,73848,88128,101108
"Nag10546","Nagaur",73.7407,27.1957,33879,62738,68194,93915,100618
"Dat9116","Datia",78.458885,25.67116,31607,49386,64477,82755,100466
"Hin6282","Hinganghat",78.839336,20.548139,42534,59075,78715,92342,100416
"Ban13602","Banshra",88.552738,22.370288,41697,65518,69234,82361,100307
"Cha15731","Chamtha",85.781693,25.585305,30655,56563,61852,81245,100090
"Deo12513","Deoband",77.675961,29.692512,42206,52923,68091,84680,100056
"Nag8210","Nagda",75.419434,23.457931,50720,78030,79622,96579,100036
"Kal13931","Kalna",88.3527,23.2215,41614,65979,72335,93976,99910
"Aur9638","Auraiya",79.509492,26.463062,29779,55460,58379,74161,99674
"Kha7557","Khambhat",72.621696,22.31481,53137,81749,89834,93194,99164
"Pan4998","Pandharpur",75.322273,17.675832,45403,65802,79902,91379,98923
"Dod2180","DodBallapur",77.5352,13.296,30079,54639,62697,80962,98888
"Mah6819","Mahuva",77.060034,21.097784,28634,59654,64144,80726,98519
"Gop17224","Gopalganj",84.442356,26.465231,27963,47795,53125,79995,98488
"Ara1935","Arani",79.286399,12.670352,34199,68305,75762,90210,98240
"Bal7063","Balangir",83.492139,20.700591,48490,66424,69920,85261,98238
"Par5723","Parli",76.530979,18.851262,48184,72506,75787,92007,98085
"Tir1219","Tiruchengode",77.896,11.3784,38670,59754,65723,83240,97792
"Jha13370","Jharsuguda",84.0146,21.8544,18736,62452,65054,76100,97730
"Shr6057","Shrirampur",74.656669,19.620391,49667,66415,76460,94644,97498
"Kha12098","Khatauli",77.732072,29.277792,16248,19369,48155,77228,97427
"Kon3847","Kondapalle",80.542144,16.619322,34786,54290,60513,84978,97305
"Pal1164","Pallipalayam",77.745448,11.36561,54098,71853,77203,77291,96673
"Udh1230","Udhagamandalam",76.705,11.4091,43564,86322,89889,103208,96644
"Dhu16661","Dhubri",89.982706,26.021613,54908,80064,83865,89320,96603
"Bar15170","Barahiya",86.0195,25.2864,41195,63007,68461,87574,96488
"Naj12451","Najibabad",78.353632,29.616061,42450,59374,71349,85010,96382
"Pal4849","Palwancha",80.704,17.5961,20300,44772,59055,82530,96342
"Coo1191","Coonoor",76.794875,11.345722,58684,94381,99364,103945,96267
"Kut793","Kuthannur-I",76.5407076493,10.7193173629,50040,77997,86482,90950,96125
"Kai12264","Kairana",77.205008,29.395756,31696,46524,58139,76951,96061
"Ama6582","Amalner",75.058453,21.039867,41860,67516,76442,91490,95994
"Sar11435","Sardarshahar",74.496477,28.442872,21427,56388,67954,81394,95911
"San7987","Sanand",72.381608,22.992154,13171,24390,25674,32417,95890
"Ali14868","Alipur",88.039407,24.87898,30594,44559,47649,75538,95721
"Dhu14704","Dhulian",87.981879,24.698008,20810,31531,33191,72850,95706
"Par309","Paramakudi",78.589196,9.544514,44027,61149,72321,84321,95579
"Nag12277","Nagina",78.4352,29.4428,25707,50405,58513,71350,95246
"Mah8960","Mahoba",79.873679,25.289536,25872,53901,56247,78782,95216
"Ram1933","Ramanagaram",77.273506,12.723218,26403,44005,50437,79394,95167
"Yem3168","Yemmiganur",77.484495,15.773197,39921,62377,65089,76411,95149
"Nat13510","Natshal",88.040174,22.197632,43352,65547,69120,84075,94854
"Vir340","Virudhunagar",77.956339,9.586554,54857,87479,91034,96460,94820
"Bha15155","Bhadohi",82.57,25.3928,47826,59416,69251,81504,94620
"Dha7626","Dhar",75.3028,22.5991,16616,48870,59246,75374,93917
"Nar11179","Narnaul",76.105,28.0448,32025,50813,64751,77105,93755
"Lan16891","Lanka",92.950648,25.919251,33879,49708,55508,79240,93698
"Jhu14533","JhumriTilaiya",85.531204,24.436995,38932,60200,60882,75455,93620
"Nir5829","Nirmal",78.3416,19.0967,25454,43942,60908,78882,93182
"Kav2787","Kavali",79.984403,14.907558,23036,50632,68555,88297,92877
"Pil11610","Pilkhuwa",77.653811,28.713161,33572,50508,53695,73562,92792
"Ako6551","Akot",71.757969,21.090624,26487,51936,65681,80726,92637
"Pan1463","Panruti",79.552913,11.773966,39430,61554,72382,80002,92605
"Sur14298","Suri",87.5286,23.9043,47974,66685,71100,83749,92605
"Fat11067","Fatehpur",74.9609,27.9939,25227,63068,66387,78462,92595
"Goa17102","Goalpara",90.6174,26.178675,42038,63798,65787,80021,92525
"Gur13180","Gurdaspur",75.406585,32.037957,31153,46879,63092,80627,92094
"San6047","Sangamner",74.2092,19.5702,37228,57838,68976,85191,92052
"Ray2434","Rayachoti",78.7514,14.0596,32405,49854,51931,72297,91234
"Jam14817","Jamui",86.2247,24.9261,32677,39756,45991,69467,90988
"Bel","Belonia",91.466612,23.250145,34815,74178,79323,87552,90918
"Har2644","Harihar",75.806276,14.510396,32447,52334,66647,87744,90502
"Gan9683","Gangaghat",80.389688,26.476023,35132,49801,52445,74713,90372
"Kad220","Kadayanallur",77.347429,9.084961,25329,60306,68819,75612,90364
"Ten172","Tenkasi",77.313686,8.957053,48578,60310,71836,81539,90195
"Mal12831","Malout",74.495716,30.195161,26009,60487,62812,78361,90138
"Man5776","Mancherial",79.4432,18.8722,24612,43179,52657,70381,89935
"Sau14029","Saunda",85.3435,23.658846,12983,33011,83046,92430,89932
"Kop2929","Koppal",76.1547,15.3521,26075,42883,52277,68744,89686
"Bal6102","Ballarpur",79.348063,19.858289,38067,61398,83511,89995,89452
"Kad2478","Kadiri",78.158673,14.110447,27042,56338,63378,76252,89429
"Pus6084","Pusad",77.564299,19.909495,30130,50860,66024,79489,89427
"Phu14206","Phusro",85.9993,23.7642,44937,64195,70544,83474,89178
"San2943","Sancoale",73.914365,15.397228,33004,59351,63433,75006,89022
"Dum15611","Dumraon",84.1475,25.5527,32981,50904,57012,75924,88949
"Ram14061","RamgarhCantonment",85.5134,23.6321,33496,50751,51264,73434,88781
"Pad35","Padmanabhapuram",77.317586,8.24295,43123,65237,71191,71909,88645
"Met1154","Mettupalayam",76.94098,11.291264,49928,73222,77587,82184,88262
"Pal3808","Palacole",81.7276,16.5175,32853,52554,64067,83771,88254
"Sah15219","Sahibganj",87.6486,25.2423,28549,45316,49257,80154,88214
"Tal13583","Taldi",88.609235,22.348172,34252,49088,52193,71835,88198
"Dha7903","DhanpuriNargadaHariDafai",81.55645,23.18568,49167,83924,109946,94352,87884
"Per1053","Periyanaicken-palayam",76.945687,11.166286,33822,53649,32962,62857,87656
"Kad8189","Kadi",72.3346,23.301,34098,50283,55787,66407,87576
"Kan10086","Kannauj",79.918,27.0546,39483,58085,60668,74041,87353
"Man12738","Mansa",75.3995967372,29.9926170272,32017,45969,58333,76673,87295
"Kam5314","Kamareddy",78.337841,18.323459,31403,51619,52672,68963,87262
"Gok3488","Gokak",74.825582,16.168824,38542,53395,63201,77213,87201
"Anj8223","Anjar",70.033441,23.110845,31622,48649,51209,68343,87183
"Sha8089","Shahdol",81.362881,23.299018,22614,44342,55508,78624,86681
"Udu718","Udumalaipettai",77.254996,10.586013,46512,71551,77142,88987,86468
"Mad16391","Madhepura",86.792321,25.925267,25135,38727,50422,69615,86332
"Kal13003","Kalka",76.9395,30.8356,22729,33970,36207,71140,86285
"Sar7367","Sarni",78.1792,22.106,43015,81161,84543,95012,86141
"Rax18069","RaxaulBazar",84.851076,26.989745,28808,39395,43075,65526,86079
"Dau10065","Dausa",76.336,26.8992,29613,36114,38576,61601,85960
"Bas8294","Basoda",77.9394593606999,23.8508142792,16630,44553,48375,69601,85547
"Dum14368","Dumka",87.2455,24.2687,37414,53409,54836,72339,85353
"Nab12862","Nabha",76.1504,30.3755,27534,50863,60107,72597,85129
"Hin6027","Hingoli",77.140438,19.713484,24109,41568,54457,69432,85103
"Kum347","Kumily",77.1548655443999,9.62236020055999,39085,67234,77393,85782,84995
"Att1357","Attur",78.6034,11.5966,24675,60361,68401,76209,84877
"Jey6921","Jeypur",82.5723,18.8579,41986,64594,65246,76625,84830
"Bha14671","Bhasaipaikar",87.921574,24.631637,24815,42230,45163,60315,84766
"Pan16871","Pandaul",86.072604,26.254783,28140,55856,63404,68175,84662
"Pen3089","Penha-de-Franca",73.835708,15.517903,35562,54317,62848,77164,84586
"Dho7349","Dhoraji",70.453257,21.736848,40439,76300,79479,80811,84545
"Bal7250","Balaghat",80.1921,21.8157,39720,61107,67151,75997,84261
"Gob1234","Gobichettipalayam",77.4383,11.4542,37949,60699,66574,77620,84259
"Far14771","FarakkaBarrageTownship",87.913799,24.804309,32152,63039,65747,70833,84143
"Man15304","Manihari",87.630613,25.365586,41835,58872,63474,67567,83944
"San4912","Sangareddy",78.085396,17.627466,35930,52350,55268,62853,83858
"Amb5715","Ambejogai",76.389386,18.730522,33804,59465,63461,77370,83549
"Cha11987","Chandpur",78.269684,29.134127,26178,41552,55825,68287,83441
"Tun10393","Tundla",78.2363,27.2122,42456,65567,74271,69336,83325
"Dho7808","Dholka",72.440709,22.724291,30682,57363,58094,63613,83211
"Sir5366","Sircilla",78.81,18.3913,18257,48046,50048,65314,83186
"Kar9636","Karauli",77.02587,26.49735,19725,46964,49008,66239,82960
"Rab3865","Rabkavi-Banhatti",75.129002,16.482149,33114,56665,67532,75592,82791
"Anp14387","Anpara",82.783579,24.211977,26309,38577,50601,64638,82568
"Ash8632","Ashoknagar",77.729504,24.57557,25220,40031,42138,57705,81828
"Tik8692","Tikamgarh",78.832185,24.746107,34806,43569,55715,70482,81574
"Bad13760","Baduria",88.7722,22.7144,36259,58291,63315,72378,81530
"Maw11923","Mawana",77.9189,29.1008,30199,51184,51701,69191,81443
"Bod5467","Bodhan",77.893,18.6543,30595,53444,67211,74361,81030
"Vri10749","Vrindavan",77.695151,27.580259,20062,41403,53039,68300,80872
"Ara2135","Arakonam",79.670462,13.079528,32919,61084,74046,81128,80834
"Bra13384","Brajarajnagar",83.921356,21.827444,37167,67577,69667,76959,80403
"Jag12981","Jagraon",75.47398,30.797409,21691,47304,55970,71044,80357
"Cho10416","Chomu",75.7244,27.1694,27828,39159,49489,64109,80335
"Ran17735","Rangia",91.617254,26.443146,35509,54725,58223,70467,80241
"Sha10719","Shahabad",79.9449,27.6446,11443,24877,25128,67751,80226
"Dha12150","Dhampur",78.511,29.3062,32908,43798,56391,70565,80103
"Man6245","Manmad",74.439065,20.253509,35493,51439,61312,72401,80058
"Sri2331","Srikalahasti",79.702203,13.752365,13340,51306,61578,70854,80056
"Mok15405","Mokameh",85.920282,25.396466,29470,62437,71535,73664,79910
"Vin3307","Vinukonda",79.741439,16.050011,16612,33223,34607,52519,79701
"Shi6853","Shirpur-Warwade",74.880587,21.351988,20999,35968,46241,63908,79564
"Bap3241","Bapatla",80.4685,15.9082,35357,59920,68791,75589,79496
"Pal685","Palani",77.519454,10.451947,40637,77849,83303,83473,79021
"Naw11068","Nawalgarh",75.273455,27.852658,27588,55376,61885,70079,78951
"Jam3715","Jamkhandi",75.2916,16.505,30761,45177,56139,66750,78709
"Was6175","Washim",77.138305,20.103908,29196,47091,49140,62956,78387
"Mir17083","Mirganj",84.337059,26.366514,26055,49528,54023,66049,78381
"Pap880","Papanasam",79.2656,10.9266,33020,51610,59316,71437,78374
"Sav7190","Savarkundla",71.309199,21.339017,29656,60522,65785,73774,78354
"Cha1912","Channapatna",77.2086,12.6529,28851,56516,61316,69752,78250
"Far11258","Faridpur",79.538742,28.209526,13801,37300,39263,61139,78249
"Bar13452","Barbil",85.385,22.1096,30721,50357,53402,64460,78248
"Sup16728","Supaul",86.5973,26.1134,24225,44432,47327,63430,78112
"Bet14242","Betai",88.56504,23.809178,38202,54656,59499,68839,77710
"Jam17352","Jamunamukh",92.741234,26.105006,31132,48560,52721,63769,77628
"Din17038","Dinhata",89.464544,26.130666,26636,41664,45599,70649,77333
"Pet7668","Petlad",72.799568,22.477359,40016,64860,66444,71216,77263
"Akl5106","Akluj",75.023,17.8912,20123,47535,56247,68240,77197
"Gol11187","GolaGokarannath",80.466605,28.079658,28442,42011,45325,63123,77139
"Kar2578","Karwar",74.138612,14.827455,32575,47210,51022,75038,77139
"Per534","Periyakulam",77.5463,10.1197,45897,79102,84628,70698,76986
"For17151","Forbesganj",87.267224,26.301419,27240,40310,48999,62227,76888
"Tar13111","Tarn-Taran",74.928499,31.451478,23595,42307,54372,63688,76857
"Vis8415","Visnagar",72.545988,23.700884,35120,54875,59647,73488,76753
"Ura4582","UranIslampur",74.266522,17.050093,13203,20354,25117,66907,76535
"Faz12790","Fazilka",74.026313,30.401996,23516,43548,58028,67427,76492
"Tha893","Thanthoni",78.091819,10.936629,17831,27815,29800,46675,76301
"Kes7199","Keshod",70.250655,21.300264,29687,48667,50172,63257,76193
"Chi2244","Chintamani",78.0572,13.4008,28622,39208,50394,65493,76068
"Pur11491","Puranpur",80.145751,28.51368,23105,35895,45137,62666,75955
"Hav2774","Haveri",75.40496,14.792128,17170,43212,52765,64208,75928
"Bod494","Bodinayakanur",77.348139,10.011786,30176,59168,66500,73410,75675
"Ram14456","Rampurhat",87.7874,24.1788,30844,46441,53712,64159,75509
"Sri328","Srivilliputhur",77.629708,9.514387,38719,61458,68644,73183,75396
"Dhr8000","Dhrangadhra",71.467567,22.993359,32487,55063,57961,70663,75133
"Kod4387","Kodad",79.964238,16.998306,13009,48024,51189,60838,75093
"Aml40102000","Amli",73.0071,20.2756,27486,59275,60648,69727,75089
"Jao8313","Jaora",75.128501,23.637013,35661,47548,56023,65111,74907
"Nor18343","NorthLakhimpur",94.103262,27.229476,32792,50357,51279,67360,74886
"Bal9417","Balotra",72.2479,25.8276,17291,42172,46858,61813,74496
"Sha7234","Shahade",74.4727,21.5438,19133,30449,38758,58679,74487
"Pid3731","Piduguralla",79.885536,16.480057,17016,40092,42883,60380,74421
"Man7959","Mandideep",77.5147,23.1016,12909,21805,22643,47452,74409
"Gog15392","GogriJamalpur",86.660103,25.411066,21309,36622,43223,59771,74303
"Bor7639","Borsad",72.898646,22.409556,31162,51300,55969,66367,74301
"Yad4040","Yadgir",77.139158,16.770885,25558,40569,43666,58811,74294
"Har7474","Harda",77.091515,22.339685,30861,46061,48485,64497,74268
"Man6813","Mangrol",70.116196,21.121967,29209,46511,47536,60111,73749
"Vir1239","Virudhachalam",79.32544,11.519011,29481,42116,52819,60164,73585
"Bis11331","Bisalpur",79.802569,28.292454,26087,42076,43829,60681,73551
"Gud2433","Gudur",79.850692,14.148374,33473,44630,55984,68782,73350
"Lon5692","Lonavala",73.405888,18.74781,15192,42241,55784,64219,73310
"Jay4255","Jaysingpur",74.55455,16.776541,33478,46568,51250,62153,73243
"Nan13093","Nangal",76.374293,31.391647,30315,44633,52042,68721,73163
"Pat625","Pattukkottai",79.3169,10.4224,28701,49484,58062,65533,73135
"Goh12028","Gohana",76.702207,29.137721,23219,35014,37740,55441,73030
"Tin1630","Tindivanam",79.651214,12.233468,41825,56520,61579,67737,72796
"Cho6824","Chopda",75.297056,21.247363,24559,40931,49234,60865,72783
"Kot41005000","Kottayam",76.51667,9.583333,59700,78900,182800,190400,72713
"Bha6990","Bhawanipatna",83.165463,19.906465,26224,46269,52945,63297,72705
"Sar6302","Sarigam",72.852385,20.291887,21268,37550,39691,53695,72484
"Kot1547","Kottiyoor",75.8972219999999,11.855556,37212,60705,67445,73663,72402
"Arc2026","Arcot",79.3199,12.9037,31934,49982,56234,63013,72396
"Kot12499","Kotdwara",78.516189,29.740618,29934,41081,43098,56674,72327
"Nil1155","Nilambur",76.2247259833,11.276424327,30367,48234,54689,65600,72124
"Sin13779","Singur",88.228927,22.812307,35510,50580,54011,67619,72124
"She9188","Sheopur",76.695626,25.664804,27169,38266,39047,58342,71951
"Cha13609","Chaibasa",85.8058,22.5472,31062,50871,58414,65894,71930
"Par7016","Paradip",86.651029,20.267622,34772,48323,50360,76633,71437
"Paz787","Pazhayannur",76.4242394837999,10.6676588588999,33274,53451,62199,73103,71255
"Ray6922","Rayagada",83.4099,19.1685,22194,44387,48247,57759,71208
"Zah4967","Zahirabad",77.6075,17.6821,16215,28956,39613,44589,71166
"Vay1707","Vayakkara",75.3584808184999,12.2675934961,33646,57384,61984,66716,71155
"Kho5801","Khopoli",73.332133,18.79835,31227,40035,45039,58664,71141
"Rat11263","Ratangarh",74.619316,28.07816,24285,43366,55079,63486,71124
"mars-52","Markapur",79.268562,15.740293,28192,34381,45563,58462,71092
"Nok10714","Nokha",73.4712082813999,27.557606789,21583,37212,41119,55424,71028
"Jia14523","JiaganjAzimganj",88.266573,24.237316,31043,52209,54941,62880,70956
"Hoj17244","Hojai",92.853517,26.004496,26437,45671,49174,60126,70953
"Dip17005","Diphu",93.433744,25.837129,27220,45536,47845,60550,70913
"Anf12888","AnfieldGrant",77.776439,30.4792,21007,31574,33477,55294,70906
"Val574","Valparai",76.955316,10.325646,58694,101197,106523,95107,70859
"Sar12018","Sardhana",77.6115,29.1468,26187,43900,46352,57252,70717
"Sur11941","Suratgarh",73.901231,29.323984,30162,45185,47581,60400,70582
"Kha7517","Khambhalia",69.651117,22.206012,28176,39119,41093,55749,70541
"Mub16540","Mubarakpur",83.28964,26.088554,47434,66952,70680,91482,70463
"Jat7035","Jatani",85.6978,20.1651,36766,47966,55833,64791,70457
"Bar17851","BarpetaRoad",90.968329,26.500579,35584,46584,49129,63616,69987
"Thi802","Thiruvarur",79.635357,10.774498,32216,52079,58284,66625,69944
"Kri14774","Krishnapur",88.009234,24.794741,32128,44951,47254,55485,69886
"Cha1535","Chamarajanagar",76.9391,11.9264,22232,40422,44478,60558,69875
"Ara13808","Arambag",87.787747,22.881496,23328,45498,47981,59410,69872
"Man699","Mannargudi",79.44605,10.667734,36639,54126,59177,64461,69839
"Bas5094","Basavakalyan",76.9479999999999,17.8753999999999,22976,33298,42748,58785,69717
"Bin8504","Bina-Etawa",78.2018,24.1829,27730,41831,41621,58401,69564
"Kop6154","Kopargaon",74.477591,19.891517,28457,47938,59534,73219,69537
"Cha5745","Chakan",73.864028,18.76125,15415,23307,24737,32928,69289
"Sha8170","Shajapur",76.276596,23.428773,29569,41646,42067,57818,69263
"Bar17555","Barpeta",85.587161,25.555179,45174,73615,83616,63345,69152
"Sun12781","Sunam",75.8005,30.1288,21658,35505,43909,56251,69069
"Kal18267","Kalimpong",88.4639,27.0594,31648,50249,51276,59932,68972
"Bas5931","Basmath",77.15763843,19.3297348912,24150,38951,42338,57365,68846
"Wan6159","Wani",78.953725,20.055023,19031,33677,44558,58224,68758
"Dhu12858","Dhuri",75.860789,30.370366,29309,36450,48139,61282,68685
"Lad10866","Ladnu",74.394697,27.643373,26642,49160,50183,59791,68618
"Puk15080","Pukhuria",88.038628,25.12837,25081,37534,44853,53380,68420
"Nas13983","Nasaratpur",88.319999,23.339796,23342,44574,47509,56046,68384
"Kar377","Karunapuram",77.2170907991999,9.74880345771,16733,56919,65237,70106,68226
"Kam375","Kambam",77.282276,9.738996,19633,50340,52435,58891,68090
"Pan14921","Panchanandapur",87.991258,24.940209,24359,39226,41400,56605,67959
"Kar6286","Karanja",77.486461,20.483107,27208,46911,48866,60158,67907
"Kay116","Kayalpattinam",78.126274,8.56476,19677,31074,47881,57520,67854
"Raj8887","Rajsamand",73.868783,25.06897,25372,38443,38831,55687,67798
"Mal6527","Malkapur",76.202019,20.885096,32341,43121,51311,61012,67740
"Mod8264","Modasa",73.295584,23.462145,31211,41615,42035,54135,67648
"Sun5856","Sunabeda",82.8289,18.7308,32607,47256,52507,58884,67643
"Bar15533","Barh",85.706797,25.47534,26231,45134,48249,53735,67536
"Dhe18106","Dhekiajuli",92.4741,26.7194,15796,26197,28072,40778,67492
"Bul6379","Buldana",76.180696,20.531305,28442,51712,52767,62972,67431
"Dhe7070","Dhenkanal",85.597388,20.660546,22926,45851,46314,57677,67414
"Tal7103","Talcher",85.21176,20.950077,38216,52108,53570,69077,67346
"Til11051","Tilhar",79.73762,27.961565,13066,36208,45909,56876,67199
"Kic11702","Kichha",79.51641,28.910715,18067,30038,31807,46130,67163
"Tan4593","Tandur",77.5891,17.2588,22943,44164,47314,59947,67056
"Hal7586","Halol",73.472416,22.502783,18885,31724,32115,46830,66920
"Jha8675","Jhalawar",76.164425,24.596819,16186,30539,38671,48054,66919
"Nar7656","Narsimhapur",79.179164,22.948951,21469,42576,45807,60804,66736
"Bha14807","Bhabua",83.613762,25.040495,22276,33283,36540,53952,66735
"Gob13818","Gobardanga",88.7687,22.8879,32408,50078,53721,60880,66690
"Sul14826","Sultanganj",87.9842386857,24.8629548195,19938,33327,36249,53996,66543
"Thi11395","ThiriyaNizamatKhan",88.326925,25.635662,20870,31137,36688,49829,66525
"Kor5740","Koratla",78.711564,18.82295,21741,30196,40080,54012,66504
"Cha13794","Chandipur",88.791165,22.822771,22470,34343,41795,57139,66457
"Chi8928","ChitrakootDham",80.912657,25.212563,23469,37200,41062,54753,66426
"Ram8701","RamganjMandi",75.943979,24.647149,14478,35212,37577,53443,66375
"Man5784","Mandamarri",79.484529,18.9774,44347,72803,77984,81044,66349
"Rep3320","Repalle",80.826971,16.017163,24466,44326,48173,56919,66296
"Sah11205","Sahaswan",78.749052,28.071953,36395,48526,51080,58184,66204
"Kan14349","Kandi",88.040887,23.960447,25180,45668,47518,59767,66120
"Pul239","Puliyankudi",77.396475,9.178952,26839,43998,53287,60080,66034
"Chi2255","ChikBallapur",77.728445,13.433679,17347,41753,49170,57154,66006
"Sul15223","Sultanganj",86.7445,25.247,19982,36890,43666,52924,65525
"Jai8531","Jaisalmer",70.917789,26.914514,14117,34432,38735,57537,65471
"Bag11845","Baghpat",77.220517,28.935251,22117,32053,34287,48013,65355
"Umb6264","Umbergaon",72.773888,20.169125,24882,39780,41848,46853,65320
"Sin6122","Sinnar",73.998435,19.844878,19380,32077,36898,43699,65299
"Kai10653","Kaimganj",79.33618,27.554131,29999,38708,47313,57221,65282
"Has11617","Hasanpur",78.283589,28.723417,26702,43134,45611,56276,65275
"Ali17765","Alipurduar",89.536398,26.488414,35948,61979,65241,72999,65232
"Bih15458","Bihpur",86.948453,25.399528,26127,41244,43254,51049,65190
"Sum9009","Sumerpur",73.081065,25.155417,22609,38980,41087,56271,65146
"Man7501","Mandla",80.3722,22.5996,26778,46933,51670,60542,65141
"Rat9093","Rath",79.5667,25.5934,18202,40448,42696,55950,65056
"Kay41109000","Kayamkulam",76.48333,9.166667,54100,61300,67200,65300,64868
"Abu8685","AbuRoad",72.76727,24.460202,26194,43503,45577,56947,64785
"Wan3556","Wanahy",78.063723,16.360842,20742,30894,41188,52803,64645
"Chi4807","Chiplun",73.51936,17.525121,23955,37983,41468,54953,64558
"Pal7223","Palitana",71.824144,21.524022,18528,31403,41870,51944,64497
"Ken7138","Kendujhar",85.6062,21.6402,26466,42096,43933,54495,64447
"Bar6783","Bardoli",73.109388,21.12373,24047,35956,40777,55407,64260
"Nel2147","Nelamangala",77.39312,13.099749,18441,29344,30920,38086,64060
"Gau16826","Gauripur",89.967682,26.091381,27429,40576,42423,54539,64004
"Toh12595","Tohana",75.9017,29.7092,18322,29083,34215,51519,63871
"Min2207","Minjur",80.264835,13.280612,18019,32501,37568,52646,63812
"Dhi17973","Dhing",92.468228,26.463253,21627,33548,37609,51846,63712
"Bil11565","Bilari",78.802917,28.622194,14053,28205,37705,50679,63705
"San10096","Sandila",80.514772,27.071421,20796,32451,42347,53113,63670
"Bar5297","Baramati",74.572677,18.149137,20905,41293,49050,56381,63574
"Dau5375","Daund",74.580333,18.459858,26488,38462,47962,56900,63524
"Obr14559","Obra",82.989584,24.457127,18718,41457,51600,63441,63441
"Ura5792","Uran",72.929472,18.881075,26898,39358,42886,54760,63420
"Kan2868","Kandukur",79.908309,15.212746,21688,32370,41336,50326,63305
"Gad3476","Gadwal",77.796237,16.236675,17647,30959,40742,53560,63177
"Pha5089","Phaltan",74.429345,17.989448,35141,49377,54178,60889,63122
"Kag5778","Kagaznagar",79.481617,19.346398,16606,54800,61923,64748,63098
"Ram12869","RampuraPhul",75.234987,30.272162,29377,39297,43600,54099,62958
"She15006","Sheikhpura",85.842619,25.140682,16400,29285,34429,43113,62927
"Pit4626","Pithapuram",82.2552,17.119271,31856,47750,50634,57410,62883
"Sir2657","Sirsi",74.8331,14.6129,25290,38907,50895,65335,62882
"Nip3733","Nipani",74.381615,16.40219,24234,41783,51624,58081,62865
"Kum","KumarghatNP",92.044516,24.165242,20576,42796,49703,56920,62722
"Bar9747","Bari",77.614566,26.648091,20112,35285,37537,50474,62721
"Ren14420","Renukoot",83.0236,24.2041,26201,44408,47437,53412,62413
"Ras1302","Rasipuram",78.1873,11.4593,27364,46639,50230,57740,62285
"Nag2167","Nagari",79.581296,13.319901,17196,25579,26655,31169,62253
"She12149","Sherkot",78.572007,29.325294,22570,33191,42230,52880,62226
"Rag8625","Raghogarh-Vijaypur",77.1973,24.4445,10130,15120,17788,49173,62163
"Ujh11058","Ujhani",79.008494,28.002751,16218,29487,38995,51051,62039
"Lah10770","Laharpur",80.89831,27.710827,18995,27135,37051,50092,61990
"Kuc10394","KuchamanCity",74.858696,27.14914,20104,35270,36740,50587,61969
"Nim8717","Nimbahera",74.6868,24.6207,14696,36740,41921,53327,61949
"Kir12300","Kiratpur",78.202452,29.505471,21814,32079,43757,55769,61946
"Mel14210","Melaghar",91.333743,23.50756,27189,42879,46101,55306,61930
"Sid8518","Sidhpur",72.361,23.9135,34785,47650,51794,58194,61867
"Ray2681","Rayadurg",76.851349,14.699005,29078,36807,40845,54125,61749
"Jha13520","Jhargram",86.99638,22.446094,32227,37043,42094,53145,61712
"Vik139","Vikramasingapuram",77.390421,8.714742,41716,55463,61746,62128,61522
"Vir8153","Viramgam",72.050826,23.12286,30733,52987,53672,58004,61495
"Mau8932","Mauranipur",79.130445,25.241994,27942,41091,43714,50882,61449
"Loh13936","Lohardaga",84.6815,23.4352,20100,31167,34334,49251,61359
"Dal15892","Dalsinghsarai",85.83528,25.667708,27443,38756,41963,55591,61322
"Lac10953","Lachhmangarh",75.0269,27.8229,12138,40713,48851,53727,61318
"Sha4565","Shahabad",76.9426,17.1222,48532,77652,44142,66550,61262
"Sib18323","Sibsagar",94.639269,26.984049,34604,42821,44940,63155,61220
"Arm5720","Armur",78.274401,18.793666,27520,40586,41541,50380,61099
"Son10649","Sonakhali",88.702043,22.222116,26067,41031,43966,53428,61068
"Chh10294","Chhibramau",79.499742,27.148539,20284,33806,35585,50268,60986
"Gum13745","Gumla",84.5405,23.0387,19816,29195,33057,46734,60890
"Ata8949","Atarra",80.571348,25.28501,28997,38868,42076,53133,60872
"Gha13701","Ghatal",87.735811,22.662739,16029,36686,48442,56802,60845
"Bis10581","Biswan",80.996204,27.496032,16271,28148,38019,51232,60566
"Bha6179","Bhadravati",79.1113,20.102,11050,18417,19184,56903,60565
"PN1514","PNPatti",77.834056,11.805626,25118,41785,49479,56446,60564
"PNP1514","PNPatti",77.834056,11.805626,25118,41785,49479,56446,60564
"Siv395","Sivaganga",78.485139,9.849414,21029,33323,42771,51184,60410
"Ilk3354","Ilkal",76.1151,15.9617,20914,36058,40101,51920,60242
"Mul2183","Mulki",74.772862,13.109333,23001,44229,50112,56227,60155
"Kos10946","KosiKalan",77.439981,27.79104,12446,27387,34705,50388,60074
"Mah6136","Mahasamund",82.099103,21.109984,25111,34530,42972,51998,60009
"Pon3375","Ponnur",80.547023,16.068206,33638,50206,54363,57640,59913
"Sam12782","Samana",76.199367,30.152368,15389,34655,40106,50769,59897
"Jah11443","Jahangirabad",78.106021,28.404911,19046,29301,37981,51394,59858
"Pac6428","Pachora",75.3506,20.6667,11144,18225,19483,51426,59820
"Tal40202000","Taliparamba",75.35,12.01667,16200,29900,60300,67400,59811
"Mas15247","Masaurhi",85.033849,25.353676,21152,29378,33049,45248,59803
"She6474","Shegaon",76.696143,20.793317,16422,31580,42492,52423,59672
"Man5056","Manuguru",80.817692,17.938234,25972,40190,43685,50248,59658
"Dun8394","Dungarpur",73.710708,23.851177,26702,39132,42958,52512,59643
"Bar7404","Barwani",74.8974950556,22.0328287793999,14688,29767,35717,45702,59618
"Tip2197","Tiptur",76.479219,13.257325,20718,30468,36053,53104,59543
"Ita18327","Itanagar",93.626546,27.097604,10688,15718,16545,35022,59490
"Dau14906","Daudnagar",84.403361,25.03574,18357,29077,33984,43766,59412
"Gan12614","Gangoh",77.2632,29.78,19301,32713,41198,53913,59279
"Raj11495","Rajgarh",75.386642,28.645244,23819,34520,43696,51640,59193
"Pan8680","Panna",80.18615,24.722793,16474,37441,42547,52057,59091
"Ant3632","Antarvedipalem",81.80301,16.409289,31713,48350,53226,58073,59083
"Goh9581","Gohad",78.439811,26.426586,18119,28311,31457,45232,58939
"Bin17887","Binnaguri",88.469589,26.649129,23805,30916,34351,49192,58840
"Upl7377","Upleta",70.282427,21.740565,31987,49211,51801,55438,58775
"Nar3709","Narasapur",81.7032,16.4372,35711,55798,56362,58604,58770
"Nar18169","Narkatiaganj",86.64591,24.266877,18391,31159,35751,47326,58704
"Nan1647","Nanjangud",76.680235,12.119587,28289,37252,45754,51829,58675
"Nuz3999","Nuzvid",80.845799,16.787528,15702,32044,42685,50354,58590
"Una6630","Una",71.043655,20.821902,18009,29047,38729,51261,58528
"Jal9125","Jalor",72.6268,25.3449,13498,27557,36634,48809,58444
"Shi4239","Shiroli",74.280372,16.736972,20995,30461,35274,46941,58349
"Jal12954","Jalalabad",74.256760975,30.6065666916,14040,25836,32898,46296,58290
"Sir12898","SirhindFatehgarhSahib",76.384984,30.626099,16913,30202,30818,49825,58097
"Chi6255","Chikhli",76.257684,20.350941,19876,27606,37862,48428,57889
"Dha17767","Dhaka",85.168045,26.675848,21421,34236,37468,44854,57877
"Sir2358","Sira",76.902573,13.744484,21855,27665,33393,50088,57554
"Bha7163","Bhatapara",81.9367,21.7389,23425,41831,45468,50118,57537
"Mac3650","Macherla",79.4337,16.4744,24817,40028,43987,49221,57290
"Utt17863","UttarBagdogra",88.314598,26.697877,17273,29821,31866,53573,57282
"San244","Sankarankoil",77.536863,9.174462,27355,42084,48846,53606,57277
"Mul2120","Mulbagal",78.3925,13.1627,20339,26762,35519,44033,57276
"Wan7868","Wankaner",70.946447,22.611495,23151,42619,44329,50185,57267
"Kol1680","Kollegal",77.109216,12.154867,21665,36109,42391,52607,57149
"Unj8466","Unjha",72.3945,23.8046,25063,46413,51003,53876,57108
"Cho7075","Choudwar",85.919687,20.522592,27039,40879,42842,57762,57015
"Lun13784","Lunglei",92.746911,22.88712,26998,34175,35599,47137,57011
"Bya7092","Byasanagar",86.170322,20.8268,19872,29660,32593,40741,56946
"Jal9422","Jalaun",79.335414,26.144217,21455,34605,38028,50057,56909
"Bam14903","Bamangram",88.099686,24.901502,20783,33387,35664,43232,56885
"Sam4490","Samalkot",82.169813,17.054928,32941,43343,48760,53602,56864
"Bob5669","Bobbili",83.359741,18.573945,22468,36239,43249,50096,56819
"Bad15016","Badarpur",92.57655,24.867173,20333,34828,38565,48102,56732
"Sat3638","Sattenapalle",80.1473,16.395,18480,33000,45442,51404,56721
"Bed14834","Bedrabad",88.032814,24.845816,20143,29102,37791,46149,56583
"Cha13610","Chakradharpur",85.619881,22.676407,28313,42899,47666,55228,56531
"Pit10857","Pithoragarh",80.2116,29.5854,14896,26600,27708,44964,56493
"Sen7216","Sendhwa",75.0939,21.6857,11064,28370,36432,48941,56485
"Tal5788","TalegaonDabhade",73.679397,18.732527,13737,22520,31120,42578,56435
"Hir2440","Hiriyur",76.6155,13.9436,23210,34133,37509,48806,56416
"Anj6699","Anjangaon",77.310121,21.16494,22450,38051,41674,51170,56380
"Man13795","Manubazar",91.657484,23.059278,23408,43321,47125,51164,56366
"Cha11533","CharkhiDadri",76.270026,28.593206,19497,29995,32253,44895,56337
"Naw11486","Nawabganj",79.631599,28.541004,21255,38218,40254,41156,56275
"Gan15569","Gangarampur",88.516287,25.400161,18210,30865,31177,53533,56217
"Seo12002","Seohara",78.586,29.2086,16500,31051,38733,49622,56145
"Kal15750","Kaliaganj",79.457648,28.315707,25543,37665,39574,49829,56133
"Dul18349","DuliajanOilTown",95.324386,27.352919,14577,31463,33605,48636,56130
"Thi2158","Thiruvallur",79.906362,13.144174,21689,35556,38564,45732,56074
"Gor13517","Gordoani",88.490702,22.145399,21022,34069,41333,45866,56070
"Dha777","Dharapuram",77.526761,10.736294,32543,42263,48393,64984,56007
"Kan12219","Kandhla",77.271122,29.321442,16123,28562,35899,46147,55988
"Kar1003","Karumathampatti",77.184151,11.089151,12627,23599,29669,41182,55753
"Kan489","KannanDevanHills",77.0609984644,10.0874129538999,36711,67983,70816,68205,55738
"Amb9898","Ambah",78.2252,26.7038,20585,29848,31602,42658,55658
"Aon11347","Aonla",79.159506,28.273911,16908,26419,34431,45268,55629
"Kam13912","Kamgachhi",88.539526,23.211326,21945,34082,36018,48007,55518
"Ana890","Ananganadi",76.3421998560999,10.822964231,26542,37767,45346,49146,55415
"Cha2544","Challakere",76.652367,14.318862,25247,36067,38369,49067,55194
"Bhe5589","Bheemunipatnam",83.452324,17.88998,17310,34619,42061,48664,55082
"Jha16927","Jhanjharpur",86.276594,26.259363,21728,31917,35317,43456,55059
"Umr6435","Umred",79.325088,20.850653,25254,36230,46185,51847,55002
"Jha14702","Jhajha",86.380855,24.768205,23959,36629,39574,47189,54986
"Gan3754","Gannavaram",80.803182,16.54152,19828,39429,44494,52344,54981
"Bad3926","Badepalle",78.145983,16.753699,15522,29914,39638,49868,54945
"Kun2348","Kundapura",74.6939,13.6187,29450,44863,47965,50614,54847
"Eda1340","Edappadi",77.8344,11.5856,13049,39542,41190,48815,54823
"Bha9881","Bharthana",79.220761,26.752788,19731,28971,38071,46439,54769
"Pun2202","Punganur",78.571117,13.361731,16871,25562,33882,44314,54746
"Pip7657","Pipariya",78.354289,22.749088,21770,35428,35956,47410,54710
"Yel4885","Yellandu",80.323916,17.588191,29516,51359,58721,63042,54694
"Bha2377","Bhatkal",74.542511,14.002913,21724,37751,43904,50258,54656
"Kat1116","Kattumannarkoil",79.548604,11.27981,23002,33495,39058,44648,54609
"Did10655","Didwana",74.5729,27.4001,18435,31245,32889,44675,54575
"Sag2452","Sagar",75.0302,14.1618,19606,35648,42220,50131,54550
"Sih7335","Sihor",71.958042,21.712576,12080,32648,34008,46960,54547
"Deg5389","Deglur",77.579297,18.548827,19338,27625,37212,48028,54493
"Nai13392","NailaJanjgir",82.578963,22.012443,18905,32618,33879,43283,54460
"Isl17139","Islampur",88.1906,26.2618,21009,38906,45240,52738,54340
"Sid8108","Sidhi",81.8824,24.4049,20983,28355,28641,45700,54331
"Put2257","Puttur",79.553781,13.441822,14591,27827,29110,34847,54259
"Gad6167","Gadchiroli",80.0068,20.185,17408,27200,29565,42468,54152
"Nan10903","Nanpara",81.50147,27.864177,24132,33645,37600,47093,54086
"Bal15339","BaliaLakhminian",86.325537,25.412527,20220,27324,29088,39643,54028
"Kan1826","Kanakapura",77.421164,12.550612,11461,30161,37873,47060,54014
"Lum16382","LumdingRlyColony",93.174098,25.75191,26206,42529,46129,50570,54005
"Bel5783","Bellampalle",79.485842,19.073133,38465,60102,66780,66792,53958
"Hai14873","Hailakandi",92.561691,24.682066,18346,32172,37879,45556,53848
"Par6915","Parvathipuram",83.426399,18.781876,27624,36348,43497,49714,53844
"Mel2035","Melvisharam",79.27323,12.921015,14761,25437,31989,43668,53770
"Gid12786","Giddarbaha",74.6604,30.2027,27476,32186,36082,43966,53760
"Dut13920","Duttapulia",88.7116,23.2511,18726,32992,35608,46892,53723
"Bud12167","Budhana",77.4734,29.2898,16158,20198,26931,32950,53722
"Hel13887","Helencha",88.856805,23.187172,24737,38836,41251,48943,53548
"Mer9904","MertaCity",74.0331,26.6513,16823,32943,36772,46519,53540
"Jag4244","Jaggaiahpet",80.093981,16.892951,18676,26680,36122,40373,53530
"Man4283","Mandapeta",81.9294,16.8625,20109,40218,42453,47638,53456
"Tun5530","Tuni",82.545811,17.359519,22721,42075,43904,50368,53425
"Kon9336","Konch",79.1517,25.9937,25069,39171,45355,50844,53412
"Bhi8856","Bhinmal",72.2638,25.0087,15835,26758,33567,43106,53347
"Kav1233","Kavandapadi",77.557818,11.424987,28062,39723,44779,48989,53308
"Dun11247","Dungargarh",74.009399,28.099782,20935,29076,36463,45020,53294
"Ars2236","Arsikere",76.257543,13.31289,20792,36478,39650,45166,53216
"Ash7982","Ashta",76.723872,23.019935,21749,27530,27808,40628,53184
"Kot10867","Kotputli",76.199713,27.705175,14399,30258,33234,42509,53171
"Vic4662","Vicarabad",77.9077,17.338,16611,33900,39215,42410,53143
"Kap8019","Kapadvanj",73.071318,23.023808,24820,38210,42977,47249,53142
"Put2003","Puttur",75.2000889344,12.7617857591,12866,20103,25800,48070,53061
"Sul14864","Sultanganj",87.9842386857,24.8629548195,19236,31200,33832,36528,53045
"Man12601","Manglaur",77.877907,29.791876,20445,32453,34161,42584,52971
"Jam2724","Jammalamadugu",78.3822,14.848,12566,32249,38253,46509,52881
"Man12716","MandiDabwali",74.705762,29.965969,19007,32215,36197,53811,52873
"Mah4881","Mahabubabad",79.996605,17.597482,24574,35038,35722,42854,52813
"Met1478","Mettur",77.799967,11.789148,28265,43484,45773,53633,52813
"Ven2417","Venkatagiri",79.580139,13.960333,12833,21750,27637,31341,52688
"Ped4364","Peddapuram",82.137536,17.07747,32314,43617,45902,48755,52598
"Ara13511","Arampur",88.800971,22.166627,26096,39260,41888,48536,52532
"Thi41201000","Thiruvalla",76.56667,9.383333,26700,29200,54800,56800,52510
"Kal1413","Kallakkurichi",78.964716,11.737862,19679,23710,27894,36793,52507
"Sir3081","Siruguppa",76.8919,15.6382,11675,23350,31364,42919,52492
"Sir8429","Sironj",77.691126,24.103372,16074,28703,34094,42179,52460
"Nid4276","Nidadavole",81.67318,16.903844,16326,38187,48975,51158,52426
"Ban10207","Bandikui",76.575287,27.04849,18522,33473,36554,40861,52412
"janv-79","Jangaon",79.15608,17.722304,17327,25112,34305,43996,52394
"Naw13059","Nawanshahr",76.1196,31.1278,22980,31389,35478,38479,52314
"Sih15460","Sihpur",86.8644,25.399668,15731,26729,29994,44863,52286
"Raz3748","Razole",81.838022,16.475736,28905,41857,45941,51768,52237
"Dan2840","Dandeli",74.618038,15.253828,35719,47625,52701,53290,52069
"Tho40902000","Thodupuzha",76.71667,9.9,20900,35700,40700,46200,52025
"Kas40105000","Kasaragod",74.96667,12.5,35000,43100,50200,76000,51950
"Ali5693","Alibag",72.875663,18.655035,27085,41762,46130,53268,51895
"Ran7386","Ranavav",69.744527,21.685876,11597,17842,19607,29645,51890
"Dev415","Devakottai",78.821191,9.946798,20697,35684,38265,40497,51865
"Jay18092","Jaygaon",89.380221,26.853758,20196,31283,34558,43735,51846
"Pan13805","Panchpota",88.849756,22.912298,19688,38311,40746,45527,51757
"Kal9416","Kalpi",79.747007,26.12343,19424,34078,38885,42893,51670
"Tis14119","Tisra",86.439596,23.707867,39775,52336,55677,53572,51546
"Man7847","Mandvi",69.35176,22.83283,13504,35537,36636,42355,51376
"She204","Shenkottai",77.249727,8.9736,14407,38213,44552,47753,51368
"Raj13467","Rajagangapur",84.585827,22.195523,14190,36385,39549,43594,51362
"Ken7060","Kendrapara",86.416175,20.505229,26194,34843,38291,45422,51328
"Oza6235","Ozar",73.92771,20.094454,15531,47063,47538,45954,51297
"Jou9589","Joura",77.8084,26.3431,10351,25865,27500,40245,51270
"Dab7411","Dabhoi",73.419778,22.133625,27711,48615,50641,54952,51240
"Shu8195","Shujalpur",75.2811,16.337,14739,24565,32074,42461,51225
"Sid2261","Sidlaghatta",77.865085,13.389508,11920,22490,25177,41098,51159
"Tan11866","Tanda",82.6619,26.5522,40020,67782,72488,42581,51158
"Khu8454","Khurai",78.330339,24.04411,20154,29209,32454,41511,51108
"Bak15877","Bakhtiarpur",86.59228,25.720783,11893,18459,20653,41721,51094
"Hil15230","Hilsa",85.280732,25.316322,16634,25590,29923,37775,51052
"Hun1735","Hunsur",76.2925,12.3104,10259,27727,34753,43900,50865
"Mal7366","Malajkhand",80.55101,22.09952,22391,35903,39279,47686,50826
