"ID","Name","Long","Lat","X1959","X1970","X1979","X1989","X2002","X2010"
"AR45","Moscou",37.61666667,55.75,7186148,9061219,10480741,11625098,13028998,14425208
"AR40","Saint-Pétersbourg",30.31666667,59.95,3266874,3983679,4568107,5005419,4661219,4848742
"AUA26101","Kiiv",30.52,50.43,1115549,1661009,2188695,2663763,2688169,2862217
"AUZ12112","Tashkent",69.25,41.32,1037834,1578798,2014625,2437877,2526372,2601360
"AAZ01101","Baki",49.88,40.4,871871,1144085,1422512,1596550,1757815,1937300
"ABE01101","Minsk",27.57,53.9,515975,916949,1275798,1612472,1716780,1850399
"AR22401","Nijni-Novgorod",44,56.31666667,1256441,1594859,1825479,1954795,1795488,1723120
"AR50401","Novossibirsk",82.91666667,55.03333333,972987,1299400,1491498,1661119,1627866,1687247
"AUA20116","Kharkiv",36.25,50,1034281,1318070,1543164,1710411,1564327,1546603
"AR65401","Ekatérinbourg",60.58333333,56.83333333,864100,1130900,1327100,1498000,1432928,1496136
"AUA05117","Donetsk",37.8,48,1234109,1461824,1621354,1722085,1568821,1491507
"AKA011","Almaty",76.95,43.25,464322,746301,934389,1165561,1195638,1413182
"AR18401","Volgograd",44.48333333,48.7,688569,1000800,1186911,1323553,1397346,1396940
"AUA04106","Dniepropetrovsk",34.98,48.45,954915,1222508,1422972,1577990,1430723,1356913
"AR75401","Tchéliabinsk",61.4,55.15,951859,1126889,1264863,1377316,1303838,1330245
"AR36401","Samara",50.11666667,53.18333333,901600,1187900,1367300,1408157,1323936,1328211
"AR92401","Kazan",49.11666667,55.78333333,775603,1006832,1148838,1268176,1281241,1313825
"AGE01101","Tbilisi",44.79,41.73,772542,1006552,1201966,1427941,1197447,1251500
"AR60401","Rostov-sur-le-Don",39.71666667,47.23333333,680200,896100,1054200,1144600,1213717,1243691
"AAR01101","Erevan",44.51,40.18,529039,818784,1114336,1342907,1225815,1243000
"AR52401","Omsk",73.38333333,54.96666667,581100,832563,1031768,1170398,1156849,1153971
"AUA15114","Odesa",30.73,46.47,675418,928928,1097449,1180221,1091342,1082099
"AR63401","Saratov",46,51.53333333,689968,910441,1044421,1114710,1099126,1074596
"AR80401","Oufa",55.96666667,54.73333333,546900,770900,969300,1082100,1042437,1062300
"AR04401","Krasnoiarsk",92.93333333,56,423497,680637,845519,987708,981983,1047312
"AR57401","Perm",56.25,58,688231,913325,1063480,1158428,1064657,1043459
"ATU02101","Ashgabat",58.38,37.95,169935,253118,317449,410467,727286,1034543
"AR20401","Voronej",39.18333333,51.66666667,470672,711104,851677,971439,942327,980581
"AR32431","Novokouznetsk",87.11666667,53.75,895515,1002538,1027967,1103523,973626,924307
"AKI02101","Bishkek",74.6,42.87,239428,452328,569912,650578,835978,872848
"ATA02101","Doushanbe",68.77,38.56,237350,405397,533874,658174,739231,796000
"AR03401","Krasnodar",38.98333333,45.03333333,359119,528799,640387,697023,731969,789741
"AUA08107","Zaporizhzha",35.18,47.82,451137,657890,780745,883909,814473,780733
"AR36440","toljatti",49.41666667,53.51666667,121106,309002,554137,685424,763714,775074
"AUA13118","Lviv",24.03,49.84,417872,568403,685817,812356,755054,760391
"AR82401","Makhatchkala",47.48333333,42.98333333,148265,234700,312475,386985,584307,758892
"AR05401","Vladivostok",131.9,43.11666667,372968,556824,684366,803535,734928,733964
"AKA09104","Karagandy",73.1,49.8,531485,813206,929550,1001198,705378,732973
"ALE01150","R_ga",24.1,56.95,581939,733694,851726,934805,768947,730109
"AMO01113","Chisinau",28.86,47.01,216005,356382,479604,727123,663671,7e+05
"AR01401","Barnaoul",83.75,53.36666667,344438,500098,596582,672493,679307,682529
"AUA04111","Krivii Rig",33.35,47.92,431185,625945,696304,758216,705866,670397
"AR73401","Oulianovsk",48.38333333,54.31666667,213422,368462,486213,651289,663574,640205
"AR25401","Irkoutsk",104.3,52.28333333,378900,480900,590400,673800,641124,635185
"AR94401","Ijevsk",53.21666667,56.85,285300,422400,548700,635100,632140,628116
"AR70401","Toula",37.61666667,54.2,479935,652797,713263,735350,658671,620830
"AKA021","Astana / tselinograd",71.43,51.18,102276,179514,233638,277365,419771,613006
"AKA13108","Shymkent",69.6,42.3,153241,247064,321535,392977,413332,603499
"AUZ05104","Namangan",71.67,41,123467,175267,257046,414100,522579,603126
"AR78401","Iaroslavl",39.86666667,57.63333333,407100,517300,597000,633000,613088,591486
"AR71401","Tioumen",65.53333333,57.15,150200,268500,359000,481914,516059,581758
"AR97401","Tcheboksary",47.25,56.13333333,104400,255000,392900,534400,566478,577758
"AR08401","Khabarovsk",135.0666667,48.48333333,322700,436000,527800,600600,583072,577668
"ALI10116","Vilnius",25.32,54.68,242853,385150,499280,606831,565300,571706
"AR32401","Kemerovo",86.06666667,55.33333333,346779,453996,539359,590907,560938,561526
"AR42401","Lipetsk",39.6,52.61666667,206987,349752,460490,530442,553592,554922
"AUZ01101","Andidjan",72.34,40.78,151328,216478,297989,399405,488114,554539
"AR53401","Orenbourg",55.1,51.76666667,267300,344300,458700,546500,549361,546987
"AR61401","Riazan",39.71666667,54.61666667,224300,367500,471100,533300,540710,543440
"AR69401","Tomsk",84.96666667,56.5,248800,338400,420700,502000,487838,522940
"AR12401","Astrakhan",48.03333333,46.35,295800,410500,461000,509200,504501,520662
"AR56401","Penza",45.01666667,53.2,255500,373700,482900,542600,518025,517137
"AR92430","Naberejnie Tchelny",52.33333333,55.7,19100,37900,301400,500300,509870,513242
"AUA14104","Mikolaiv",32,46.97,260551,372321,451741,522343,512827,501183
"ABE04104","Gomel",30.98,52.44,168270,272253,382785,500846,478912,487200
"AUA05132","Maryoupol' / jdanov",37.55,47.1,291426,425750,512612,529724,500766,480129
"AR33401","Kirov",49.65,58.6,278379,370073,436972,499530,480411,473668
"AUA12117","Lougansk",39.33,48.57,285667,395405,482558,521510,484077,458156
"AR07427","Piatigorsk",43.05,44.03333333,192670,302811,357065,401154,424975,450491
"AR27401","Kaliningrad",20.5,54.71666667,206000,300600,360700,409200,440916,443924
"AUZ08104","Nukus",59.61,42.45,67415,131968,190131,287708,375781,443835
"AR24401","Ivanovo",40.98333333,57,355500,441900,489600,508000,460482,438685
"AR65476","Nijni-Taguil",59.96666667,57.91666667,397200,444600,473600,515600,469427,433932
"AR15401","Briansk",34.36666667,53.25,218300,330600,408200,467400,447030,429514
"AUA05111","Gorlivka",38.05,48.3,531349,556489,552663,562443,482366,428911
"AUA05126","Kramatorsk",37.53,48.72,345108,432799,494749,514679,462494,428750
"ATU05103","Turkmenabat / Tchardjou",63.58,39.1,66112,96383,140182,167394,298979,427252
"AUZ09104","Samarkand",66.96,39.65,206866,281140,521859,416331,416476,418166
"AR38401","Koursk",36.18333333,51.71666667,204700,284200,375300,424200,412442,414595
"AR75438","Magnitogorsk",59.03333333,53.38333333,311100,364200,406100,440300,418545,408401
"AUZ03101","Fergana",71.78,40.39,154675,216554,300414,373120,391032,407452
"AR81401","Oulan-Oude",107.6166667,51.83333333,175200,253600,304290,367695,375417,404357
"AR28401","Tver",35.9,56.86666667,261000,345100,411500,450900,408903,403726
"AES01140","Tallinn",24.75,59.43333333,281714,362706,429727,482037,398434,399340
"AR07401","Stavropol",41.98333333,45.05,141000,198300,258200,318300,354867,398266
"AR11401","Arkhanguelsk",40.53333333,64.55,272600,376800,432800,466100,399434,389328
"AR47401","Mourmansk",33.08333333,68.96666667,271140,370436,455095,560912,418642,382344
"AR14401","Belgorod",36.6,50.6,72300,151300,245785,311127,352362,373025
"AUA02103","Vinnitsya",28.48,49.23,121854,211572,314446,374304,357302,369214
"ALI02108","Kaunas",23.9,54.9,216837,310703,379732,435269,388513,361992
"AUA01113","Simferopol",34.11,44.96,199037,264410,320758,367270,366449,360337
"ABE06110","Mogileu",30.34,53.91,121712,202314,290361,359188,361635,359596
"AUA27103","Sevastopol",33.53,44.6,148033,239109,311429,368565,352466,351964
"ABE03104","Vitebsk",30.19,55.19,148300,230804,296605,350004,341719,351231
"AKA04101","Aktobe",57.18,50.3,96680,149914,190569,253532,251085,345687
"AR17401","Vladimir",40.41666667,56.13333333,153900,237937,304850,366343,327572,345598
"AR89401","Saransk",45.18333333,54.18333333,115900,231700,312100,363100,354656,344954
"AR03426","Sotchi",39.71666667,43.6,131016,224000,287400,336500,328809,343285
"AUZ02101","Bukhara",64.43,39.77,90357,145717,226525,283588,314760,340033
"AR53423","Orsk",58.56666667,51.2,230700,308700,341300,376800,357278,337936
"AR37401","Kourgan",65.33333333,55.45,145700,243900,309900,355500,345515,333640
"ABE05104","Grodna",23.81,53.68,72943,132471,194775,270535,309452,332870
"AR54401","Orel",36.08333333,52.96666667,152962,234974,312432,349250,345409,329849
"AR90401","Vladikavkaz",44.68333333,43.01666667,164400,243759,289087,311460,330182,328410
"AR66401","Smolensk",32.05,54.78333333,160023,230620,299247,341500,325137,326863
"AR29401","Kalouga",36.26666667,54.51666667,134200,210900,265000,311400,334751,325185
"AR76401","Tchita",113.5,52.03333333,171800,241400,302600,365800,316643,323964
"AR95401","Abakan",91.41666667,53.71666667,159275,204457,270476,322231,325748,323053
"AKA08103","Taraz - djambul",71.37,42.9,113346,187164,263793,306715,328795,320634
"AUA21108","Kherson",32.6,46.63,157995,271102,330941,368486,339956,317360
"AKA14104","Pavlodar",76.95,52.3,90096,187070,272895,330748,292044,317289
"AAZ05105","Ganca",46.36,40.68,116122,189512,231901,278006,300891,315900
"ABE02103","Brest",23.7,52.1,73614,121629,177249,258016,229712,312779
"AR19430","Tchérépovets",37.91666667,59.13333333,92400,188300,265900,310500,311869,312311
"AR68401","Tambov",41.43333333,52.71666667,197700,263100,307900,343100,327712,312308
"AR71136","Sourgout",73.43333333,61.25,0.1,34000,107300,247800,285027,306703
"AKA16106","Oskemen (oust-kamenogorsk",82.61,49.98,150371,230340,274287,324478,300977,303720
"AR19401","Vologda",39.9,59.21666667,139100,177800,236500,282800,293046,301642
"AUA16113","Poltava",34.57,49.58,143097,219873,278931,314740,316630,300501
"AAZ03101","Sumqayit",49.67,40.59,51485,127268,195844,239824,274760,299600
"AKA16108","Semei/semipalatinsk",80.23,50.41,156110,235735,282574,334402,269228,299264
"AUA25115","Tchernigiv",31.3,51.5,89585,158873,238141,296347,304405,297402
"AUA23114","Tcherkasi",32.07,49.43,84822,158393,228197,290340,294731,287713
"AUA12116","Lisitchansk",38.42,48.92,183949,278724,309953,343124,307666,287540
"AR70234501","novmoskovsk",38.26666667,54.03333333,280915,321341,333118,326161,297284,279563
"ATU04101","Dashougouz",59.97,41.83,0.1,0.1,83750,111406,195034,275278
"AR80445","sterlitamak",55.95,53.63333333,111600,184900,220100,247500,264362,273432
"AUA18113","Soumi",34.78,50.92,98015,166467,228174,291264,290984,272326
"AR83401","Naltchik",43.61666667,43.48333333,100700,164700,230800,262700,308749,271774
"AUA06104","Zhitomir",28.67,50.25,116246,172235,243764,292097,283277,271714
"AR96401","groznyj",45.7,43.31666667,251750,341300,375300,399700,210720,271596
"AR98401","Iakoutsk",129.7333333,62.03333333,74300,111349,158528,198710,226429,269486
"AR34401","Kostroma",40.93333333,57.76666667,171700,223000,254700,278400,278750,268617
"AR88401","Iochkar-Ola",47.86666667,56.63333333,89845,169532,211084,255191,273329,265528
"AR08409","Komsomolsk-na-Amoure",137,50.55,177300,218100,263900,315300,281035,263906
"AR86401","Petrozavodsk",34.35,61.78333333,135300,184500,234100,269500,266160,263540
"AUA22112","Khmelnitskii",27,49.42,62473,112959,171801,236938,253973,261397
"AR60437","taganrog",38.9,47.23333333,202100,254200,276400,291600,281947,257692
"AR71135","Nijni-Vartovsk",76.55,60.95,0.1,15700,108700,241500,239044,251860
"AUA24112","Tchernivtsi",25.93,48.3,154390,186812,218561,256644,240893,251776
"AR60440","shahty",40.23333333,47.7,230681,240678,246684,266622,263585,251406
"AUA17110","Rivne",26.25,50.62,59598,115541,178956,227925,248642,249582
"AUZ07104","Karshi",65.8,38.86,19709,71111,108225,168719,214735,249107
"AR25414","Bratsk",101.6,56.11666667,51500,185261,244048,284617,259335,246348
"AR03420","novrossijsk",37.76666667,44.71666667,93500,132700,159100,185900,232079,241788
"AKA10103","Kostanai",63.58,53.17,91060,136372,181236,244872,230436,237869
"AUA11105","Kirovograd",32.26,48.5,134330,188795,236652,269803,252936,236097
"AR87401","Syktyvkar",50.81666667,61.66666667,64500,125100,171000,232100,230011,235006
"AKI05101","Osh",72.79,40.53,65197,120374,169000,211045,201183,234552
"AR32419","leninskkuzn",86.16666667,54.65,270000,277983,282768,319700,253259,234389
"AR92435","nizhnekamsk",51.81666667,55.63333333,0.1,49000,134200,190800,225399,234108
"AR25405","angarsk",103.9166667,52.56666667,140075,209006,244079,270649,251176,233765
"AMO02108","Tiraspol",29.64,46.84,105785,177553,231829,311831,249614,229527
"AKA07102","Oral",51.37,51.23,103914,134162,177716,211925,211465,229226
"AR49401","Veliki Novgorod",31.28333333,58.51666667,62909,132279,196300,243015,233320,228336
"AUA16108","Krementchouk",33.42,49.07,92810,166083,209616,236495,233239,227611
"AUA09106","Ivano-Frankivsk",24.71,48.92,66456,104971,149747,214021,218435,224401
"AR80439","salavat",55.93333333,53.36666667,107300,168100,194200,219500,228795,222327
"AR14440","staryjoskol",37.83333333,51.3,27500,51500,114900,173900,215898,221163
"AUA19115","Ternopil",25.61,49.55,52245,84663,143625,204845,227035,217577
"ABE06102","Babrouisk",29.23,53.15,97530,137536,192207,221166,220760,215378
"AR46204501","balashiha",37.95,55.8,94744,118467,137817,151591,171157,215353
"AR10401","Blagoveschensk",127.5333333,50.28333333,94700,127800,172000,205600,219221,214397
"AUZ03103","Kokand",70.94,40.53,105082,133131,152776,182073,199354,210794
"AUA03107","Loutsk",25.33,50.75,57305,96493,141070,197724,207511,210775
"AR01405","bijsk",85.16666667,52.51666667,150909,190487,216527,239183,231172,210055
"AGE04108","Koustaisi",42.72,42.26,139778,177509,211955,256150,202806,209600
"AUA10102","Bila Tserkva",30.12,49.78,70633,108545,151318,196878,200693,209250
"ATU06102","Mary",61.83,37.6,0.1,0.1,74481,92290,152933,208682
"AKA11104","Kyzylorda",65.51,44.85,69141,131186,168505,167160,175011,207557
"AR36435","syzranj",48.46666667,53.16666667,182200,207300,208300,210377,213443,206017
"ATA05101","Khoutchand / leninabad",69.63,40.28,109532,144305,178126,213105,207827,205000
"AR58401","Pskov",28.33333333,57.81666667,81300,126700,175700,203800,202780,203281
"AKA15103","Petropavlovsk",69.16,54.88,131453,172911,206559,241360,196725,201446
"AR78415","Rybinsk",38.83333333,58.05,181700,218300,238600,251400,222653,200771
"AR63407","Balakovo",47.8,52,36400,103500,151600,197400,200470,199573
"AR75442","miass",60.1,55,129900,168800,196000,217900,205564,195217
"AR11430","severodvinsk",39.81666667,64.56666667,78700,144700,197200,248700,201551,192265
"AUZ06101","Navoi",65.38,40.08,0.1,0.1,84277,123915,160972,189092
"AR03405","Armavir",41.11666667,45,111000,145400,161500,161000,193964,188897
"AR65456","krasnotursk",60.2,59.76666667,210000,197300,199200,208500,195898,188200
"AR65480","pervouralsk",59.95,56.91666667,145300,175700,192100,208000,194944,186445
"AR60412","volgodonsk",42.15,47.51666667,25600,41100,106700,190900,181438,185650
"ALI03102","Klaip_da",21.12,55.72,89923,140012,175834,204248,191899,182752
"ABE03116","Polatsk",28.8,55.49,46189,104296,138262,169536,185678,181803
"AKA12101","Aktau",51.2,43.65,0.1,63366,118186,169948,163128,181780
"AR64401","Ioujno-Sakhalinsk",142.7333333,46.95,89891,111911,147909,159300,175085,181727
"AUA05148","Torez",38.59,48.04,242183,236847,239529,249772,205720,180031
"AR30401","Petropavlovsk-Kamtchatski",158.65,53.01666667,85600,163403,225797,280687,198028,179526
"AKA06101","Atyrau/guriev",51.88,47.12,94941,136674,153533,166146,159901,178341
"AR04429","Norilsk",88.21666667,69.33333333,114567,149534,231823,265430,220602,175301
"AR75412","zlatoust",59.66666667,55.16666667,161300,180500,197800,207800,194551,174985
"AR65436","kamenskural",61.93333333,56.4,141000,169300,187400,207800,186153,174710
"AUA12135","Stakhanov/Brianka",38.65,48.56,226845,253314,239626,244209,195887,173417
"AUA04113","Nikopol'",34.4,47.57,117414,171309,195982,211999,184860,172617
"AR60427","novcherkask",40.08333333,47.43333333,123139,172668,196717,201173,184470,169039
"ABE02101","Baranabitchi",26.03,53.13,58064,101472,130647,159315,168119,168666
"AUA13111","Drogobitch",23.5,49.35,83404,123753,150065,173136,168674,164097
"AR46438","kolomna",38.78333333,55.08333333,117785,135900,147300,161900,167635,162854
"AR57408","Berezniki",56.78333333,59.41666667,117900,155700,193300,207700,179221,162206
"AR05414","Nakhodka",132.8666667,42.81666667,69480,111575,150697,185233,177133,159695
"AR05423","ussurijsk",131.95,43.8,104300,128200,146800,158000,157759,157946
"AUA08109","Melitopol",35.37,46.84,94670,136860,160664,173385,160370,157626
"AR79401","majkop",40.08333333,44.6,86806,117277,135824,158138,167433,154978
"AUZ12109","Almalyk",69.6,40.84,40480,103684,126701,145466,149569,152535
"AR82410","derbent",48.3,42.06666667,54100,67600,82200,100100,127377,150632
"AUZ04101","Djizzak",67.84,40.12,0.1,0.1,69501,106087,131665,150382
"AR18415","kamyshin",45.4,50.08333333,76200,120900,139500,152800,158737,148269
"ABE04110","Mazyr",29.27,52.05,41368,72721,106868,141234,148955,147812
"AUA01109","Kertch",36.47,45.36,98769,127608,156827,174365,156148,147269
"AR01416","rubcovsk",81.2,51.51666667,111400,145000,157100,171800,163063,147008
"ABE07101","Barysau",28.49,54.23,59280,84112,111672,143792,150520,146910
"AKA09103","Zhezkazgan",67.77,47.78,43918,95357,138268,167538,150388,146332
"AR92405","Almetevsk",52.3,54.9,50900,87100,109600,129000,140437,146309
"AAR08102","Gyoumri",43.85,40.79,108446,164966,206613,122587,150410,146300
"AR17425","kovrov",41.31666667,56.35,98600,123300,142900,159900,155499,145492
"AR32425","mezhdurechk",88.05,53.68333333,86700,117900,131800,153000,146422,145024
"AUZ11102","Termez",67.28,37.22,0.1,0.1,56779,82951,116820,144219
"AUZ07105","Shatchrisabz",66.83,39.06,0.1,0.1,55723,81558,115698,143632
"AKA13106","Tourkistan",68.25,43.33,38152,53965,66741,78285,86356,142899
"AUA12102","Altchevsk / kommunarsk",38.8,48.47,129946,156026,152760,157491,148033,140287
"AUZ13101","Ourgentch",60.63,41.55,44000,76000,100010,126380,134749,140172
"AUA04116","Pavlograd",35.87,48.52,45827,95276,129562,164942,147107,140034
"AKA05109","Taldykorgai",78.37,45.02,48104,81622,108396,138237,114065,139075
"AUZ12102","Bekabad",69.27,40.22,0.1,0.1,67656,94382,117871,135166
"AKA03106","Kokshetau",69.39,53.28,52909,80564,103162,136757,123540,135106
"AR82435","hasavjurt",46.58333333,43.25,34200,54300,65100,70500,121817,133929
"ATU03101","Balkanabat",54.37,39.51,0.1,0.1,71284,86314,113059,133489
"AR17435","murom",42.03333333,55.56666667,88791,124007,145980,161688,144711,132491
"AR46215501","sergiposad",38.13333333,56.3,89900,110600,129200,138000,134538,132490
"ABE02119","Pinsk",26.07,52.12,41548,61752,89847,118636,130260,131357
"ATU06101","Bayramaly",62.17,37.62,0.1,0.1,37531,43824,86389,131173
"ABE03114","Orsha",30.41,54.52,71087,110984,122263,136684,137118,128827
"AR07415","kislovodsk",42.71666667,43.91666667,78000,89600,100900,114400,129788,128502
"AR87425","Oukhta",53.7,63.56666667,52000,87600,114500,140900,132927,127451
"AUZ12101","Angren",70.14,41.02,55789,76096,105970,131970,128844,126958
"AR46470","serpuhov",37.4,54.91666667,106400,124300,139700,143600,131097,126496
"AUZ09102","Kattakourgan",66.26,39.9,0.1,0.1,53353,78350,105171,126173
"ALI06110","siauliai",23.32,55.93,59722,93057,118216,145056,132907,125453
"AKA14102","Ekibastouz",74.91,51.99,25705,43726,65871,134627,122514,125012
"AR93401","Kyzyl",94.45,51.71666667,34500,51700,70047,91897,114568,124925
"AGE02101","Batoumi",41.63,41.64,82328,100603,122815,136609,121806,123500
"AR71134","Nefte-Ougansk",72.6,61.1,0.1,19700,52400,93900,107830,123276
"AMO01102","Balti",27.93,47.76,67114,101447,125330,158517,126935,122900
"AR73405","dimitrvgrad",49.6,54.21666667,50700,81400,106000,123600,130871,122549
"AR80427","Neftekamsk",54.25,56.08333333,0.1,51461,73813,111356,127124,121757
"AR91401","cherkessk",42.05,44.21666667,41700,67200,90800,113100,116244,121439
"AR46457","orehovozuev",38.96666667,55.8,108300,120100,132300,137200,122248,120620
"AR07424","nevinnomysk",41.93333333,44.63333333,39800,85100,103700,121400,132141,118351
"AUA08101","Berdyansk",36.79,46.75,65249,100133,122109,132644,121183,117517
"AR29415","obninsk",36.61666667,55.1,18500,55079,82229,110592,118012,116948
"AUA07109","Ouzhgorod",22.3,48.62,47396,64578,90995,117061,117268,116456
"AUA05128","Krasnoarmiisk",37.18,48.28,99337,107090,118657,136113,123179,116409
"ALI05106","Panev_zys",24.35,55.73,41096,73328,101519,126419,118864,111959
"AR60430","novoshahtsk",39.91666667,47.76666667,118009,117242,119120,121842,116017,111087
"AR71178","Noiabrsk",75.45,63.2,0.1,0.1,0.1,85900,96440,110572
"AR24405","kineshma",42.15,57.45,116500,125800,131200,133900,119936,110365
"AKA10105","Roudnyi",63.12,52.96,36639,96041,109707,124300,106475,109659
"AR80435","oktjabrskij",53.48333333,54.48333333,64700,77100,88000,104700,108647,109379
"AR04403","achinsk",90.5,56.26666667,50300,97000,116900,121600,118744,109156
"AR46253501","stupino",38.06666667,54.9,71887,98800,113800,118600,104022,108822
"AR69541","seversk",84.85,56.6,0.1,0.1,0.1,103000,109106,108466
"AR42415","elec",38.51666667,52.61666667,77900,100700,111700,120300,116726,108404
"AKA12102","Zhanaezen",52.8,43.3,0.1,18073,37996,52911,67146,108020
"AUA01107","Evpatoria",33.36,45.2,56992,79444,93281,107792,105849,106846
"AR22403","arzamas",43.81666667,55.4,41500,67500,93300,109000,109432,106367
"AAR06107","Vanadzor",44.49,40.81,49423,106624,146036,75616,106968,104800
"AR71176","Novy Ourengoï",76.68333333,66.08333333,0.1,0.1,0.1,93200,94456,104144
"ALE01117","Daugavpils",26.53,55.88,65459,100431,115731,126680,113409,103922
"AR85401","Elista",44.26666667,46.31666667,23200,49900,70300,89700,104254,103728
"AES01143","Tartu",26.71666667,58.38333333,74263,90459,104518,113977,101140,103284
"AUZ11101","Denau",67.9,38.27,0.1,0.1,35695,46881,76375,103130
"ATU03103","Turkmenbashi",52.97,40.02,0.1,0.1,53131,58854,83176,102906
"AUA22106","Kamyanets-Podilsk",26.57,48.67,40299,57111,84440,102236,99769,102813
"ABE07117","Saligorsk",27.53,52.8,0.1,38255,65148,92742,101200,102692
"AUA12113","Krasnii Loutch",38.93,48.13,132232,134754,133179,139268,114442,102276
"AR94440","sarapul",53.8,56.46666667,68700,97000,106600,110400,103141,101390
"AR94410","votkinsk",54,57.05,59700,74100,89800,103500,99441,100034
"AR71410","tobolsk",68.25,58.2,39000,49300,69181,103648,101639,99698
"AR58410","velikie luki",30.51666667,56.33333333,58900,85300,101500,113700,104979,98778
"AR68415","michurinsk",40.48333333,52.9,89919,109235,116013,124415,96093,98758
"ATU03102","Serdar",56.28,38.98,0.1,0.1,27039,33388,65139,98278
"AUA01118","Yalta",34.17,44.5,63463,86778,103219,113162,101320,98071
"ABE05107","Lida",25.3,53.88,28541,47578,65500,91007,99192,97918
"AAZ04110","Mingatchevir",47.05,40.77,19904,43092,59733,85388,92872,97800
"AR57430","solikamsk",56.76666667,59.63333333,82900,88600,101200,110100,102531,97239
"AR44401","Magadan",150.8,59.56666667,62200,92100,121300,151700,99399,95925
"AR94420","glazov",52.65,58.13333333,59000,68300,81100,104100,100894,95835
"AR60419","kamenskshah",40.26666667,48.31666667,76804,87757,92377,95999,98232,95306
"AR38405","zhelezgorsk",35.36666667,52.33333333,0.1,31000,65300,85200,95528,95057
"ATA01101","Koulob",69.78,37.91,0.1,0.1,54841,74456,86578,95000
"AUA10106","Brovari",30.77,50.5,17824,39104,58554,82042,87105,94968
"AR65409","asbest",61.46666667,57,60100,91281,102933,114302,104417,94960
"AR04420","kansk",95.7,56.2,82700,94700,100600,109600,103000,94230
"ABE07113","Maladzetchna",26.85,54.32,28384,50413,72612,91726,97676,94083
"AR26406","nazranj",44.76666667,43.21666667,0.1,12900,14900,18200,125066,93357
"AR41420","gatchina",30.13333333,59.56666667,36700,63300,75200,79700,88420,92566
"AR22503","sarov",43.31666667,54.93333333,0.1,15244,24931,43067,87652,92073
"AR87410","Vorkouta",64.03333333,67.5,70875,116801,135860,160897,116045,91631
"AR46206501","voskresensk",38.68333333,55.31666667,44800,74059,86751,94631,92208,91301
"AR17410","aleksandrov",38.71666667,56.4,73800,89000,98800,104400,96895,90784
"AKI09207","Zhalalabat",73,40.93,0.1,0.1,55369,70855,81676,90258
"AUA18106","Konotop",33.2,51.23,54097,68400,82278,95549,92280,89816
"AR92410","bugulma",52.78333333,54.53333333,61000,72400,80500,89600,93014,89144
"AR56405","kuzneck",46.6,53.11666667,56900,84100,93600,98600,92050,88883
"AR14430","gubkin",37.55,51.28333333,21300,54100,65100,73800,86083,88562
"AR47405","Apatity",33.4,67.56666667,53000,84100,102500,131500,95998,88329
"AUA23112","Ouman",30.22,48.75,44546,63378,78897,90596,88500,87836
"AR03411","ejsk",38.28333333,46.7,55300,64400,70600,78200,86349,87771
"AR25438","Oust-Ilimsk",102.6666667,58,0.1,21300,68600,109300,100592,86591
"AR04535","zhelezngrsk",93.53333333,56.25,0.1,0.1,86200,89608,93875,85559
"AR65540","novouraljsk",60.08333333,57.25,0.1,0.1,0.1,0.1,95414,85519
"ATU01102","Tedzhen",60.5,37.38,0.1,0.1,31822,40149,63770,84777
"ALE01134","Liep_ja",21.02,56.52,71464,92884,107663,114462,87505,84074
"AUA07104","Moukatcheve",22.72,48.45,46423,57414,71864,84521,82292,83763
"AUA11110","Oleksandriya",33.12,48.67,50683,69416,82059,102611,92642,83419
"AR25436","usoljesibir",103.65,52.75,48500,86700,103000,106500,90161,83364
"AR57435","chajkovskij",54.11666667,56.76666667,12800,48000,70300,85800,86714,82933
"AR60404","azov",39.41666667,47.1,39900,59300,75100,80300,82090,82882
"AUA10111","Irpin",30.25,50.52,25070,51549,64188,75884,81314,82750
"AR53412","buzuluk",52.26666667,52.76666667,54900,67100,76000,84000,87286,82655
"AR75543","ozjorskch",60.71666667,55.75,0.1,0.1,0.1,0.1,91760,82268
"AR63410","balashov",43.16666667,51.55,64300,83100,93100,97000,98330,82222
"AR32449","jurga",84.9,55.73333333,46600,62100,78300,93200,85555,81536
"AUZ10101","Goulistan",68.78,40.49,0.1,0.1,43087,54360,69684,81191
"AR33407","kirovchepec",50.03333333,58.55,34119,54915,74759,95268,90303,80920
"AR03414","kropotkin",40.56666667,45.43333333,54000,68300,70200,75900,79185,80743
"AUA18115","Shostka",33.48,51.87,38884,64436,82036,92882,86466,80683
"AR46221501","klin",36.7,56.33333333,53300,80900,91500,94900,83178,80584
"AR41417","vyborg",28.75,60.71666667,51100,65200,75600,80900,79224,80013
"AUA06103","Berditchiv",28.58,49.9,53206,71475,80171,91629,86885,79600
"AR71131","Khanti-Mansiisk",69.01666667,61,20700,24800,28300,34500,53953,79410
"AUA05103","Artemivsk",38.01,48.59,65222,82342,87084,90279,82464,78849
"AR75452","troickch",61.56666667,54.08333333,76300,85500,87500,90100,83862,78637
"AR37405","shadrinsk",63.63333333,56.08333333,56100,72600,81500,86700,80865,77744
"AR32404","anzherosud",86.03333333,56.08333333,115600,106200,105100,108000,86480,76669
"ATU05202","Govurdak",66.05,37.81,0.1,0.1,0.1,22200,47617,76157
"AUA15109","Ismail",28.83,45.35,48103,70297,83126,92915,84229,75787
"ABE04107","Zhlobin",30.03,52.89,19216,25359,35422,56695,72156,75703
"AR99401","birobidgan",132.9333333,48.78333333,40700,55700,68600,83700,77250,75419
"ATA01102","Kourgonteppa",68.78,37.84,0.1,0.1,42075,58505,68229,75000
"AUA25109","Nizhin",31.88,51.05,46211,56320,69533,80553,76453,74365
"AGE08102","Zougdidi",41.87,42.51,31081,39896,45170,50022,68894,74200
"AAZ04115","shirvan",48.92,39.93,13427,33828,41583,58253,67497,73900
"AR11410","Kotlas",46.65,61.25,62555,66626,73948,82491,74082,73422
"AAZ02102","Naxtchivan",45.41,39.21,25340,33279,40384,59754,67467,72700
"AR36450","chapajevsk",49.71666667,52.98333333,83300,86100,84600,98000,73912,72689
"AR07407","georgijevsk",43.46666667,44.15,35100,44200,53600,62900,70575,72126
"AUZ05105","Uchqo'rg'on",71.73,41.19,0.1,0.1,50526,65982,63111,71393
"AR07258501","mihajlovsk",42.03333333,45.13333333,12300,21500,32300,43000,58153,71018
"AUZ05102","Chust",71.24,41,0.1,0.1,35347,46424,60387,70993
"AR22228503","zavolzhje",43.4,56.63333333,47000,69100,77200,78800,76413,70964
"AR92415","elabuga",52.03333333,55.76666667,22000,31700,35600,53500,68663,70750
"AR46418","dubna",37.15,56.75,32617,43700,54900,65800,60951,70569
"AUZ06104","Zarafshon",64.21,41.58,0.1,0.1,34864,46421,60090,70434
"AUA01116","Feodosiya",35.38,45.03,46327,64938,76402,83912,74146,70392
"AR46212501","egorjevsk",39.03333333,55.38333333,59300,67200,72200,73900,68303,70133
"ABE04115","Svetlagorsk",29.73,52.63,0.1,40265,54772,69475,72336,69757
"AKA09102","Balkash",75,46.85,53031,75965,78145,86609,65179,68833
"AR80410","beloreck",58.4,53.96666667,59300,67100,71200,72400,71093,68804
"AUA23110","Smila",31.88,49.23,44534,55474,62282,79449,69529,68721
"AUA13143","Tchervonograd",24.23,50.38,12241,44008,54921,72047,70312,68464
"AR10410","belogorsk",128.4833333,50.91666667,48800,56900,63400,73400,67422,68220
"AUA03106","Kovel'",24.72,51.22,24666,33351,48916,67005,66436,67911
"AUZ03105","Quvasoy",71.97,40.3,0.1,0.1,50017,62039,57855,67637
"AUA09107","Kaloush",24.37,49.02,12873,40728,60153,67531,67715,67290
"AR60415","gukovo",39.93333333,48.05,53000,65100,68100,67300,66648,67268
"AUA14108","Pervomaisk",30.85,48.05,44330,59424,72416,81652,69655,67184
"AR80450","tujmazy",53.7,54.6,23400,37000,43700,57900,66687,66849
"ALI01101","Alytus",24.05,54.4,12350,28074,55255,73072,71079,66841
"AUA12114","Krasnodon",39.74,48.3,58186,69459,74919,81267,73410,66554
"AR63413","voljsk",47.38333333,52.05,63400,69200,65700,65700,71124,66520
"AUA12132","Sverdlovsk",39.65,48.08,62155,68304,73847,82809,71981,66293
"AR57422","kungur",56.93333333,57.43333333,64800,74500,80100,81400,68943,66110
"AR04537","zelengorsk",94.58333333,56.1,0.1,17738,48700,57190,69355,66018
"AR57427","lysjva",57.78333333,58.1,73000,72800,75000,76600,71148,65931
"AR41454","sosnovyjbor",29.1,59.88333333,0.1,14000,42200,55800,66132,65901
"AES01123","Narva",28.2,59.38333333,27630,57863,72816,81356,68117,65881
"AR82405","bujnaksk",47.11666667,42.81666667,33000,37900,46600,56800,61437,65735
"AUZ08105","Qo'ng'irot",58.84,43.04,0.1,0.1,23461,29810,48607,65671
"AR20410","borisglebsk",42.08333333,51.36666667,54400,63700,67600,72300,69392,65585
"AUA06105","Korosten'",28.95,50.95,38041,55767,65333,72367,66589,65442
"AR71405","ishim",69.5,56.11666667,47800,56200,62500,66400,67757,65229
"AR65416","bogdanvich",62.05,56.78333333,42800,50900,62800,72600,69263,65225
"ALE01126","Jelgava",23.71,56.65,36359,55297,67599,74704,65927,64898
"ABE04114","Retchytsa",30.39,52.36,30602,48393,60327,69427,66400,64646
"AR46238501","narofominsk",36.73333333,55.38333333,35400,48700,55900,58300,70475,64640
"AR07402","budjonovsk",44.15,44.78333333,27900,35800,45600,55300,65687,64628
"AGE12101","Akwa (Sokhoumi)",41.02,43,64730,101798,114373,121406,43716,64478
"AUZ07102","Kozon",65.58,39.04,0.1,0.1,28460,40655,54013,64332
"AR65482","polevskoj",60.18333333,56.45,47100,57600,64100,70600,66761,64191
"AKI08203","Karakol",78.4,42.48,0.1,0.1,50830,61521,57668,64170
"AR92425","leninogorsk",52.46666667,54.6,38600,46600,53600,62100,65592,64145
"AR03423","slavnakuban",38.11666667,45.25,39000,51900,54100,57800,64136,63768
"AR56534","zarechnyj",45.2,53.2,0.1,11620,18690,31694,62970,63579
"AAZ09105","shaki",47.17,41.19,34348,43158,49475,56223,60623,63500
"AR03432","tuapse",39.08333333,44.1,36700,51400,59800,63100,64238,63233
"AR20247501","rossosh",39.58333333,50.2,30200,36400,44000,57000,62923,62865
"AR80423","kumertau",55.78333333,52.76666667,35923,49000,56644,67701,68503,62854
"AR03417","labinsk",40.73333333,44.63333333,41900,50000,54000,58000,61446,62822
"AR80443","sibaj",58.65,52.7,28800,37700,40300,47300,59082,62732
"AR15415","klincy",32.23333333,52.75,42000,58100,67100,71200,67325,62510
"AMO02106","Ribnita",29,47.77,21067,36926,51719,75828,65300,62088
"AR28445","rzhev",34.33333333,56.25,49000,60700,68900,69800,63729,62026
"ABE07106","Zhodzina",28.33,54.1,0.1,22083,33926,53744,60255,61899
"AR03429","tihoreck",40.11666667,45.85,49700,60100,63800,67100,65005,61825
"AR98406","Nerioungri",124.7,56.66666667,0.1,0.1,22600,72500,66269,61746
"AR70202501","aleksin",37.06666667,54.5,46300,61400,67200,74300,68156,61738
"ABE07118","Sloutsk",27.56,53.03,22740,35609,45176,57556,62717,61445
"AR80425","meleuz",55.93333333,52.95,17800,24900,38400,53400,62949,61408
"AR60250501","saljsk",41.53333333,46.48333333,36000,50200,57000,61100,61775,61312
"AUA09108","Kolomiya",25.04,48.53,31303,41054,52146,63323,61850,61186
"AR04422","lesosibirsk",92.48333333,58.23333333,16262,25026,38600,68300,65374,61146
"AUZ13102","Xiva",60.36,41.38,0.1,0.1,30973,40001,52011,61132
"AR17420","gushrustaln",40.65,55.61666667,54200,64500,71600,76400,67121,60773
"AR92440","chistopolj",50.63333333,55.36666667,51900,60000,64300,65500,63029,60703
"AR22242501","pavlovo",43.06666667,55.95,47900,63200,68400,71500,64814,60699
"AR46256501","chehov",37.48333333,55.15,14000,37600,52500,59200,72917,60677
"AUA13136","Strii",23.85,49.25,36180,47983,55096,66522,62262,60354
"AR80405","belebej",54.13333333,54.1,26200,32500,43200,53400,60928,60183
"AR41413","vsevolozhsk",30.68333333,60.01666667,27800,27000,28600,31900,45310,59689
"AR83410","prohladnyj",44.03333333,43.75,28800,40100,47600,57100,61772,59595
"AUA21105","Nova Kakhovka",33.38,46.75,19885,39250,52325,68114,63017,59530
"AUA20111","Lozova",36.38,48.88,28730,35641,53423,72991,63562,59470
"AUA25113","Prolouki",32.4,50.6,43719,57474,65303,71954,64275,59180
"AR18420","mihajlovka",43.23333333,50.06666667,35000,49800,58200,58300,60034,59153
"AR03403","Anapa",37.31666667,44.88333333,19600,29900,40100,55000,53493,58983
"AR41460","tihvin",33.5,59.63333333,18400,34000,58600,71400,63338,58843
"AR10430","svobodnyj",128.1333333,51.38333333,56900,62900,74500,80000,63889,58594
"AR24411","shuja",41.36666667,56.85,64600,68800,72300,69400,62449,58528
"AKA05105","Kaskelen",76.62,43.2,13897,23851,26850,30870,35943,58418
"AAZ04117","Yevlax",47.15,40.62,20368,29462,33874,45719,53144,58300
"AR71183","Kogalym",74.48333333,62.26666667,0.1,0.1,0.1,44300,55367,58192
"AUA12129","Rovenki",39.37,48.08,57332,61145,61499,67989,62031,57743
"AUA10104","Borispil",30.95,50.35,17180,32365,39983,50508,54379,57563
"AUZ01207","Hakkalobod",72.11,40.91,0.1,0.1,0.1,39300,49708,57441
"AR03415","krymsk",38,44.93333333,32800,41400,48200,50900,56623,57370
"AKA13103","Kentau",68.51,43.52,38108,54946,62991,64228,54049,57121
"AR66205501","vjazma",34.3,55.2,31900,44100,51700,59000,57545,57103
"AR84401","gornaltajsk",85.96666667,51.95,27500,34400,40300,46400,53538,56928
"AR05403","arsenjev",133.2666667,44.16666667,26300,47300,60100,70000,62896,56742
"AUZ08101","Beruniy",60.75,41.69,0.1,0.1,29702,37778,48403,56378
"AR82415","izberbash",47.86666667,42.56666667,11200,17300,21300,28100,39365,56301
"AR22224501","vyksa",42.18333333,55.31666667,40300,46400,53700,61100,61657,56196
"AUA06108","Novograd-Volynskii",27.62,50.6,27580,41194,48544,55238,56093,55973
"AUA12103","Antetsit",39.09,48.12,55638,54673,60687,71655,63196,55897
"AR20221501","liski",39.51666667,50.98333333,37600,48700,52400,54000,55893,55864
"ALE01127","J_rmala",23.75,56.96,37954,53833,60947,66026,55328,55858
"AUZ12104","Chinoz",68.77,40.94,0.1,0.1,13959,43181,50552,55700
"AR76410","krasnokamen",118.0333333,50.1,0.1,13800,51000,66900,55920,55668
"AES01115","Kohtla-Järve",27.28333333,59.4,56054,68318,72675,76581,58988,55580
"ATA05104","Istaravshan",69.01,39.91,0.1,0.1,37662,45763,51280,55000
"AR71139","njaganj",65.38333333,62.13333333,0.1,0.1,0.1,54100,52610,54903
"AR66236501","roslavlj",32.85,53.95,37400,48500,56000,60500,57701,54898
"AR03408","gelendgik",38.08333333,44.55,16441,29100,36500,47700,50012,54813
"AUA08106","Energograd",34.47,47.5,0.1,0.1,14043,47100,55874,54389
"AGE11101","Gori",44.11,41.97,35061,48181,55984,68924,49516,54200
"AUZ08107","To'rtko'l",61,41.55,0.1,0.1,25507,36346,46515,54141
"AR03253501","timashevsk",38.93333333,45.61666667,19000,29100,39100,45600,54116,53921
"AR03406","belorechnsk",39.88333333,44.76666667,35900,36000,43000,51200,54028,53891
"AKI03204","Tokmok",75.29,42.84,0.1,0.1,58655,72927,55079,53754
"AR49408","borovichi",33.9,58.4,44100,54800,59600,63000,57755,53699
"AAZ10108","Xankandi",46.75,39.82,20333,30293,38980,56705,54572,53300
"AAR07105","Khrazdan",44.44,40.07,0.1,26833,41364,60839,52831,53200
"AR46252501","solnecgorsk",36.98333333,56.18333333,24200,33500,48000,55600,58374,52996
"AUA03109","Novovolinsk",24.17,50.73,23895,41187,46007,55171,53646,52905
"AR04426","nazarovo",90.38333333,56,29700,44200,53700,64400,56539,52829
"AR41425","kirishi",32.01666667,59.45,0.1,27300,44200,53000,55634,52826
"AUA20108","Izyoum",37.26,49.21,37595,51603,60516,64334,55866,52821
"AUZ09105","Urgut",67.24,39.4,0.1,0.1,21068,37060,46112,52750
"ATU01101","Bezmain",58.21,38.05,0.1,0.1,21537,31588,43341,52654
"AR25445","cheremhovo",103.0666667,53.15,122800,98700,76700,73600,60107,52650
"AR28414","Vychnii Volochek",34.56666667,57.58333333,66400,73700,71700,64800,56405,52326
"AUA16107","Komsomolsk",33.67,49.03,0.1,0.1,14555,37909,51762,51959
"ABE02113","Kobryn",24.37,52.22,13686,24934,31811,44829,50760,51265
"AKA06102","Koulsary",54.02,46.98,12749,16427,19731,32652,41484,51097
"AAZ07104","Lankaran",48.85,38.75,25209,35505,40312,45020,48338,50500
"AKA16107","Ridder",83.51,50.35,66812,72074,68135,68706,54018,50500
"AR54405","livny",37.6,52.41666667,23900,37300,44900,51700,52841,50430
"AR65542","lesnoj",59.78333333,58.63333333,0.1,0.1,0.1,0.1,53195,50364
"AUA15105","Bilgorod-Dnistrovsk",30.35,46.2,21832,32928,46795,55631,51617,50262
"AR60417","doneck",39.93333333,48.33333333,42400,44085,50086,53933,53258,50085
"AR95408","sajanogorsk",91.4,53.1,0.1,13700,21900,50200,50255,49889
"AKI06203","Ozgon",73.3,40.77,0.1,0.1,29413,34167,38470,49882
"AR53408","buguruslan",52.41666667,53.61666667,42500,49500,54400,54100,53893,49737
"AR28426","kimry",37.35,56.86666667,41200,53400,57800,61500,53650,49623
"AR71133","megion",76.1,61.03333333,0.1,0.1,23600,39800,46566,49471
"AUA18109","Okhtirka",34.89,50.31,32031,41354,45301,50726,50258,49325
"AR82430","kizljar",46.7,43.83333333,25600,29700,31300,39700,48457,49169
"AR96234501","urusmartan",45.55,43.13333333,11700,24300,27900,32900,39982,49071
"AR75545","snezhinsk",60.73333333,56.08333333,0.1,0.1,0.1,0.1,50451,48896
"ABE05112","Slonim",25.32,53.09,20389,30279,36659,45741,51640,48812
"AUA10124","Fastiv",29.92,50.08,30240,42328,51179,53861,51671,48684
"AR41422","kingisepp",28.6,59.36666667,0.1,17300,38800,50000,50295,48667
"AUA16110","Loubni",33,50.02,29442,40426,54216,59478,52117,48496
"AR01406","zarinsk",84.91666667,53.7,0.1,0.1,18300,50200,50368,48456
"AUA04107","Zhovti Vodi",33.51,48.34,32406,40334,51653,61690,52950,48427
"AR36424","otradnyj",51.35,53.36666667,27900,44400,45200,48800,50048,48359
"AR65403","alapajevsk",61.7,57.85,55840,59861,59833,62057,55410,48196
"AR03227501","kurganinsk",40.6,44.88333333,24300,34800,37600,40800,46618,47974
"AR94430","mozhga",52.21666667,56.45,30000,38900,40300,46000,47119,47959
"AR41450","sertolovo",30.2,60.15,0.1,0.1,0.1,17700,38444,47854
"AR66258501","jarcevo",32.68333333,55.06666667,25600,36700,40700,53200,52617,47853
"AUZ05103","Kosonsoy",71.55,41.26,0.1,0.1,21998,31217,40605,47737
"AR96237501","shali",45.9,43.15,11900,18600,21900,25000,40356,47715
"AR28450","torzhok",34.96666667,57.03333333,34900,45400,47200,50000,48967,47702
"AGE08105","Poti",41.67,42.15,42068,45979,48508,50922,47149,47700
"AUA11112","Svitlovodsk",33.25,49.08,13254,34269,47166,55591,50001,47640
"AR41408","volhov",32.35,59.91666667,36600,47000,49700,50300,46596,47344
"AR32410","berjozvskij",86.25,55.66666667,21900,34800,41400,51300,48299,47292
"AR46411","dzerdginski",37.85,55.63333333,15400,23900,30800,36100,41488,47125
"ATA04102","Toursounzoda",68.23,38.51,0.1,0.1,28493,40593,44448,47000
"AR57440","chusovoj",57.81666667,58.28333333,60700,58200,56400,57900,51615,46740
"AKA03108","Stepnogor",71.89,52.35,0.1,25956,45794,58200,43802,46712
"AR71174","Nadym",72.51666667,65.53333333,0.1,0.1,26100,52600,45943,46550
"ALI04106","Marijampol_",23.35,54.57,19621,28763,38451,50616,48428,46256
"AR66241501","safonovo",33.25,55.1,31700,45900,53000,56600,48209,46116
"ATA05106","Konibodom",70.42,40.28,0.1,0.1,32176,37841,42703,46000
"AR17430","koljchugino",39.38333333,56.3,37900,41600,43700,48006,47059,45804
"AR96404","gudermes",46.1,43.35,18600,32400,34000,38100,33756,45643
"AR97407","kanash",47.5,55.51666667,33600,40700,46900,54600,50593,45608
"AKA05108","Talgar",77.23,43.3,20071,31273,36952,43645,44107,45529
"AUZ02102","G'ijduvon",64.68,40.1,0.1,0.1,0.1,30486,39064,45503
"AAR09104","Kapan",46.41,39.2,19315,29916,35889,42375,45708,45500
"AR68425","rasskazovo",41.88333333,52.66666667,33800,40000,43600,49100,46516,45484
"AUZ14207","Sherobod",67.07,37.71,0.1,0.1,0.1,28200,37910,45482
"AR47415","monchegorsk",32.9,67.93333333,45500,46000,51400,68700,52242,45381
"AR50415","kujbyshev",78.3,55.45,30400,40200,46500,51200,48848,45298
"AR75448","satka",59.05,55.05,43100,44100,46200,50700,49686,45184
"AR25440","Oust-Kout",105.8333333,56.8,21300,33200,49600,61200,49951,45061
"AR25432","tulun",100.5666667,54.56666667,41800,49400,51800,52900,51848,44603
"AUA18111","Romni",33.47,50.75,48040,52529,57051,57051,49982,44429
"AUZ13103","Xonqa",60.78,41.47,0.1,0.1,0.1,28981,37699,44321
"AR14450","shebekino",36.9,50.41666667,13900,26000,39500,44600,45119,44277
"AR05420","spasskdalni",132.8166667,44.6,39600,45100,53200,60100,51691,44166
"AKA03110","Schoutchinsk",70.2,52.93,39208,40432,47948,55539,43001,44106
"AES01129","Pärnu",24.5,58.38333333,36067,46316,51254,53885,45040,44083
"ABE05103","Vaukavysk",24.46,53.15,18283,23266,29074,40374,46720,44044
"AR01410","kamenjnaobi",81.33333333,53.8,30100,35600,40000,42500,44375,43880
"AUA22113","Shepetivka",27.07,50.18,31898,38707,43484,50876,47755,43706
"AR60206501","belkalitva",40.78333333,48.16666667,23500,30900,38000,47800,47347,43688
"AUZ03201","Altyarik",71.5,40.38,0.1,0.1,0.1,30700,38087,43491
"AR87420","Petchora",57.21666667,65.13333333,30600,37800,56400,64700,48700,43458
"AR71137","raduzhnyj",77.46666667,62.13333333,0.1,0.1,0.1,43700,47060,43394
"AR03257501","ustjlabinsk",39.66666667,45.21666667,30200,35600,39200,41800,43824,43268
"AR54410","mcensk",36.56666667,53.28333333,14300,27800,41800,48400,47807,43216
"AAZ07102","Calilabad",48.5,39.21,0.1,15629,19962,25846,35420,43000
"ATA05103","Isfara",70.63,40.12,0.1,0.1,27320,34524,39550,43000
"ATA05107","Pantchakent",67.61,39.5,0.1,0.1,17153,27903,36469,43000
"AR08403","amursk",136.9,50.21666667,0.1,24000,40800,58400,47759,42977
"AKI08201","Balyktchy",76.18,42.46,0.1,0.1,33319,42438,39331,42771
"ALE01173","Ventspils",21.56,57.39,27420,40467,47782,50438,44004,42734
"AR38408","kurchatov",35.65,51.66666667,0.1,0.1,21800,41100,45556,42691
"AUZ09103","Oqtosh",65.93,39.92,0.1,0.1,22186,29999,37302,42655
"AAZ01215","Mashtagha",50,40.53,16952,22233,31920,40294,41706,42600
"AR71171","Salekhard",66.63333333,66.53333333,16600,21900,24900,32300,36827,42494
"AR70220501","efremov",38.11666667,53.15,28700,48200,53000,56700,47256,42350
"AR69410","strezhevoj",77.58333333,60.73333333,0.1,0.1,23100,43300,43815,42216
"AUA04115","Ordzhnikidze",34.05,47.67,17523,38381,39037,45806,44499,42061
"AR78405","peslavzales",38.85,56.73333333,23100,30100,37500,42300,43379,41923
"AR12402","ahtubinsk",46.16666667,48.28333333,22300,43500,47400,50300,45542,41898
"AR92417","zainsk",52.01666667,55.3,17616,10184,30300,36600,41088,41798
"AR27430","sovetskkl",21.88333333,55.08333333,31900,38500,40200,41900,43224,41709
"AR63435","pugachjov",48.8,52.01666667,32700,34000,39050,40900,41436,41705
"AKA14101","Aksou",76.92,52.03,0.1,28133,41572,47067,40293,41677
"AR71132","langepas",75.16666667,61.25,0.1,0.1,0.1,25600,37182,41675
"AR80415","birsk",55.53333333,55.41666667,24800,29600,30200,34900,39992,41637
"AR18425","urjupinsk",42.01666667,50.8,31500,38200,40200,43000,41960,41594
"AR68420","morshansk",41.8,53.45,40900,44200,47700,50100,44486,41550
"AR71185","pytjah",72.78333333,60.75,0.1,0.1,17101,44862,41813,41453
"AR65448","kachkanar",59.48333333,58.7,0.1,33000,41300,48300,44664,41429
"AUA16111","Mirgorod",33.6,49.97,24646,28407,39572,46663,42668,41374
"ATU06103","Yoloten",62.35,37.3,0.1,0.1,16266,18644,30525,41345
"AR28430","konakovo",36.76666667,56.7,13700,29500,36800,42500,42335,41303
"AR63440","rtischevo",43.78333333,52.25,32700,37100,41100,44300,44185,41295
"AR11525","mirnyja",40.33333333,62.76666667,13316,13330,13267,14027,41802,41289
"AR17415","vjazniki",42.16666667,56.23333333,39400,42700,45900,45400,40398,41252
"AR03221501","korenovsk",39.45,45.46666667,18200,26300,35000,35800,40844,41179
